order_id,order_created_date,gmv_initial,initial_gross_profit,final_gross_profit
65a7d6926b3328d3107aaf8b,,9311.0,0.0,0.0
65b151c026cb950b2054ff08,,1055.05,0.0,0.0
65d51196cc7ce516c12e556c,,2996.04,0.0,0.0
65ddee5f559a3431f0942a29,,28871.0,-698.13,-698.13
65ea0ca5e0670f6be1b0674f,,22552.0,-248.0,-248.0
65ef0304bb34fb6e4a4bf64c,,32460.87,-504.0,-504.0
65f47dc14afeb164f204a60e,,27480.0,-450.69,-450.69
65f879194bfeb2b0071f2d8d,,5570.0,-168.0,-168.0
66017fabf2f43fb0b8bd588a,,27577.66,-336.0,-336.0
666aa5aa02b33991c4faac77,,13500.0,-168.0,-168.0
666ab889ada870860530d538,,1260.25,0.0,0.0
666ab8b95381d9c975574314,,11516.3,97.5,97.5
666ad15102b33991c4fab1e8,,8462.52,241.5,241.5
66ba472d0c9bbbddd732b98a,,17917.27,-2075.31,-2075.31
66c4fe0d0b5bb457ba720a7d,,51978.08,221.07,221.07
66cf7db222277dec7ffb5f30,,10517.82,-606.05,-606.05
66cf94f597a2b9194accddb6,,19103.09,-650.13,-650.13
66d71bc6146d7bf49a26fc9f,,8707.74,166.74,166.74
66db257b3c2cd05303e83cf3,,13208.86,-2628.41,-2628.41
66e3dcbfb561cb7ea36b4617,,10448.85,-515.0,-515.0
66e88b581fa8d70be87e7fa2,,9720.97,236.43,236.43
66fd958cec11d5d880d7ba68,2024-10-10,11732.0,-3999.24,-3999.24
67002b6fd209d6e661514f43,2024-10-11,24295.62,640.0,640.0
6706cf558e0c878cdb3f7ce7,2024-10-21,14230.48,-3366.88,-3366.88
6708070daf548d5f4a765ab5,2024-10-18,11367.05,242.38,242.38
67085785af548d5f4a765b41,2024-10-11,20582.0,604.0,604.0
670fd3f45b651d83f456c0dc,2024-10-28,68300.0,-3358.72,-3358.72
67100be95b651d83f456c2c2,2024-10-21,9299.11,155.53,155.53
6717f865b041cd7b62d34daf,2024-10-28,8507.02,-270.18,-270.18
6718ee957df3ac3b21ff9685,2024-10-29,76777.33,-17954.57,-17954.57
671a7f758f8f5d11638e8526,2024-10-29,5420.32,-1028.77,-1028.77
671a91380c96a194287a22b8,2024-10-31,15665.74,-739.83,-739.83
671ba3300c96a194287a269b,2024-10-25,19930.39,-2706.34,-2706.34
671fde6c67fab66c22a898c7,2024-10-31,9061.22,-2225.68,-2225.68
672bd1eae546571cec885466,2024-11-08,28837.93,-5665.12,-5665.12
672cd8ed1656e9dd7f4e785c,2024-11-27,15744.37,-208.64,-208.64
6735ffb2f182e3f4a318c0ee,2024-11-14,14175.91,271.0,271.0
673b8dd150f7107c6a2ee8f0,2024-11-29,51098.27,-8593.85,-8593.85
6740d51a4bd146113e694424,2025-01-19,5026.04,284.51,284.51
6748ed307fca6ba802a35ebd,2024-12-06,29211.58,-1866.96,-1866.96
6759f0a917c167b3cf1d5bad,2024-12-11,1010.1,25.25,25.25
675af7b808433ed244d897e9,2024-12-12,685.55,17.14,17.14
675b02d4781d3609c1e97225,2024-12-12,278.95,6.97,6.97
675b40fb3703512d44aaa412,2024-12-24,12434.53,-859.6,-859.6
675c3d6b3703512d44aaa8e0,2024-12-13,2579.54,64.49,64.49
675c462f3703512d44aaa91b,2024-12-13,341.22,8.53,8.53
675c67042e1d04dfe942898d,2024-12-12,243.3,6.08,6.08
675c69e52e1d04dfe94289c5,2024-12-13,16715.72,-862.52,-862.52
675c6ea3efa9f41236d87427,2024-12-13,366.5,9.16,9.16
675c7411efa9f41236d87439,2024-12-13,365.99,9.15,9.15
67602b4a2e7d9061a2ee3b4b,2024-12-16,455.66,11.39,11.39
6760651206c420992f837371,2024-12-16,1042.46,26.06,26.06
67606db7f7660794452fa237,2024-12-16,344.33,8.61,8.61
67617c09f7660794452fa7f0,2024-12-16,577.95,14.45,14.45
676180dcf7660794452fa831,2024-12-17,3506.11,87.65,87.65
6761acb706c420992f837ae0,2025-01-10,65146.46,2787.48,2787.48
6762d82cf7660794452faf52,2024-12-18,201.74,5.04,5.04
6765968e7c2acf46df9a3a82,2024-12-20,344.67,8.62,8.62
6769b2e66cc818d350e04793,2024-12-27,23511.33,1444.6,1444.6
676ab681270b1f328d8f7cc2,2024-12-27,35136.69,-3057.86,-3057.86
677270e67104bc79f2a8ac97,2025-01-07,12112.92,1524.8,1524.8
6776e4f7dfbe6dd933205c82,2025-01-02,111.34,0.0,0.0
677e7b72dfbe6dd93320672e,2025-01-07,338.54,0.0,0.0
677eafa37104bc79f2a8bb6c,2025-01-08,570.67,14.27,14.27
677eb6a4dfbe6dd933206831,2025-01-08,4112.62,102.82,102.82
677ed4487104bc79f2a8bc04,2025-01-08,332.37,8.31,8.31
677ed6727104bc79f2a8bc12,2025-01-08,291.73,0.0,0.0
677ed8b3dfbe6dd9332068b6,2025-01-08,284.93,7.12,7.12
677edff8dfbe6dd9332068d6,2025-01-08,356.24,8.91,8.91
677ee0d67104bc79f2a8bc29,2025-01-08,509.17,12.73,12.73
677fd23a7104bc79f2a8c055,2025-01-09,392.54,9.81,9.81
677fe6597104bc79f2a8c0e8,2025-01-09,251.53,6.29,6.29
678156514f74fe5dab4f0c6c,2025-01-09,414.16,10.35,10.35
67815ca154880f4bf013c533,2025-01-10,155.25,3.88,3.88
6781628b54880f4bf013c566,2025-01-10,204.86,5.12,5.12
6781672b4f74fe5dab4f0cbc,2025-01-10,428.22,10.71,10.71
6784eb1af7e293bf7267b519,2025-01-11,675.92,16.9,16.9
6784f1bd7294db47e074844d,2025-01-10,1006.44,25.16,25.16
67855e342583002a9a42ef84,2025-01-13,426.75,10.67,10.67
6785603c5362eed40410d47c,2025-01-13,2911.6,72.79,72.79
678567232583002a9a42efa2,2025-01-13,575.94,0.0,0.0
678582a52583002a9a42f01a,2025-02-10,25988.11,889.36,889.36
67865e4c5362eed40410d955,2025-01-13,341.02,8.53,8.53
67866bd05362eed40410d9b9,2025-01-14,568.92,14.22,14.22
67868f632583002a9a42f5f6,2025-01-13,976.27,24.41,24.41
678692cc2583002a9a42f608,2025-01-13,261.89,6.55,6.55
6787d94b5362eed40410df41,2025-01-15,1099.57,27.49,27.49
6787ffe82583002a9a42fb69,2025-01-22,86727.59,4097.28,4097.28
678805352583002a9a42fb85,2025-01-15,1377.71,34.44,34.44
6788203e2583002a9a42fc1e,2025-01-15,596.34,14.91,14.91
6788e90a5362eed40410e435,2025-01-15,3443.76,0.0,0.0
6789660f46dd05f18e97ab1b,2025-01-16,120.92,3.02,3.02
678970a2e4dd3a64d0d310ff,2025-01-16,393.62,9.84,9.84
67897626e4dd3a64d0d31119,2025-01-16,876.32,21.91,21.91
678aaf15e4dd3a64d0d3193f,2025-01-17,1629.78,40.74,40.74
678abd0e7958f9ced43ba45e,2025-01-16,4191.91,104.8,104.8
678ac3e67958f9ced43ba483,2025-01-17,250.45,6.26,6.26
678e95ff1f6966d82bcdbe0b,2025-01-20,266.03,6.65,6.65
678e9a421f6966d82bcdbe23,2025-01-20,791.67,19.79,19.79
678ea4029ff44121e2a35049,2025-01-17,2544.91,63.62,63.62
678ecc739ff44121e2a35092,2025-01-17,1040.04,26.0,26.0
678ee6761f6966d82bcdbe64,2025-01-20,343.79,8.59,8.59
678ee94d1f6966d82bcdbe76,2025-01-20,353.89,8.85,8.85
678f8dc79ff44121e2a354bf,2025-01-21,241.33,6.03,6.03
678ff923cbf322f5bc3cc40f,2025-01-21,2525.76,63.14,63.14
678ffa1fcbf322f5bc3cc424,2025-01-21,924.9,23.12,23.12
678ffd1d13aa958d1187ca1f,2025-01-21,267.17,6.68,6.68
678ffe6c13aa958d1187ca32,2025-01-21,1282.62,32.07,32.07
67900498cbf322f5bc3cc460,2025-01-21,655.24,16.38,16.38
6790141513aa958d1187cae5,2025-01-21,760.47,19.01,19.01
6790e16ccbf322f5bc3cc7be,2025-01-22,345.32,8.63,8.63
679106d213aa958d1187d734,2025-01-21,2514.78,62.87,62.87
67913bf5ffc70babfdf2eb2e,2025-01-22,279.02,6.98,6.98
67913fc5ffc70babfdf2eb4b,2025-01-22,1596.66,39.92,39.92
679144d20d845cb3bb23d5b8,2025-01-21,329.83,8.25,8.25
679156a20d845cb3bb23d5fa,2025-01-22,973.38,24.33,24.33
679159930d845cb3bb23d62b,2025-01-22,251.51,6.29,6.29
679270117082c0897435a88e,2025-01-23,1326.17,33.15,33.15
67927160fa4fd98c7be79ae5,2025-01-23,5774.4,144.36,144.36
679272c8fa4fd98c7be79af4,2025-01-23,1069.54,26.74,26.74
679275267082c0897435a8b2,2025-01-22,251.26,6.28,6.28
679275487082c0897435a8be,2025-01-23,104.8,2.62,2.62
679277a6fa4fd98c7be79b22,2025-01-23,2446.77,244.68,244.68
679287497082c0897435b156,2025-01-23,508.27,50.83,50.83
67928a327082c0897435b18e,2025-01-23,680.73,17.02,17.02
67929b1d2866b481b2a24d93,2025-01-23,1110.98,27.77,27.77
6792ca7cfd448e40fe03397a,2025-01-23,908.69,90.87,90.87
6792d68cfd448e40fe0339cf,2025-01-23,945.05,94.51,94.51
6792d97fc36f2c7f811dc342,2025-01-22,5608.78,140.22,140.22
6793a0ea21f03f0a4079393a,2025-01-23,1861.37,46.53,46.53
6793ca0b537d8fbd6e3bd8ce,2025-01-23,325.9,8.15,8.15
6793cc7e537d8fbd6e3bd8f5,2025-01-24,2845.51,71.14,71.14
6793d988d6acb53543fe5a3e,2025-01-24,3292.81,329.28,329.28
6793df68d253e1d017ad9723,2025-01-23,100.06,2.5,2.5
6793e15ed253e1d017ad974b,2025-01-24,603.3,15.08,15.08
6793e207d6acb53543fe5add,2025-01-24,249.14,24.91,24.91
679411acd253e1d017ad99b7,2025-01-24,496.35,12.41,12.41
679414d1d6acb53543fe5d4b,2025-01-24,781.92,78.19,78.19
67975eb7b00d9e8df265210a,2025-01-25,443.75,44.38,44.38
6797885eb00d9e8df2652347,2025-01-24,142.06,14.21,14.21
6797a24dcc18a9df8ad576a1,2025-01-27,6060.08,606.01,606.01
6797ab55cc18a9df8ad57707,2025-01-27,405.23,40.52,40.52
6797d0bbcc18a9df8ad5774e,2025-01-27,460.66,46.07,46.07
6797dbbce184290311296798,2025-01-27,497.52,49.75,49.75
6797e073e1842903112967a7,2025-01-27,888.57,88.86,88.86
6797f63dcc18a9df8ad577c1,2025-01-27,316.38,31.64,31.64
6798d32085fa3855c0b56eee,2025-01-27,203.56,20.36,20.36
6798dae985fa3855c0b56fbf,2025-01-28,1635.04,163.5,163.5
6798dc0c3e283bd9790a77ea,2025-01-28,2750.76,275.08,275.08
6798e66785fa3855c0b5708f,2025-01-27,398.67,39.87,39.87
679925b83e283bd9790a7b8b,2025-01-28,2228.07,222.81,222.81
679929d385fa3855c0b5740f,2025-01-28,1743.17,174.32,174.32
67992de23e283bd9790a7bff,2025-01-28,393.7,39.37,39.37
679a2ac711a5940bca86ab0c,2025-01-29,1498.05,149.81,149.81
679a3b075760b420efa32f75,2025-01-28,800.67,80.07,80.07
679a8be56fe9614353c8244f,2025-01-29,476.28,47.63,47.63
679a97c050edc4f7f8a21d71,2025-01-29,2479.0,247.9,247.9
679b7ba16fe9614353c826d8,2025-01-30,413.14,41.31,41.31
679b809850edc4f7f8a21f59,2025-01-29,1223.26,122.33,122.33
679b9a9761c09318cde7c014,2025-01-30,13386.93,-2365.16,-2365.16
679b9d0e61c09318cde7c035,2025-01-31,52642.44,1228.64,1228.64
679b9f5963be474e81bdc62c,2025-01-29,797.17,79.72,79.72
679bb58763be474e81bdc75c,2025-01-29,456.62,45.66,45.66
679bc9a163be474e81bdc883,2025-01-30,224.34,22.43,22.43
679cd7df63be474e81bdce1e,2025-01-30,753.4,75.34,75.34
679cdc7661c09318cde7c840,2025-01-30,344.65,34.47,34.47
679d258763be474e81be1ee7,2025-01-31,1178.04,117.8,117.8
679d2b1861c09318cde8191f,2025-01-31,1572.75,157.28,157.28
679d2c6e63be474e81be1f56,2025-01-31,485.47,48.55,48.55
679d373163be474e81be1fe7,2025-01-31,385.72,38.57,38.57
679d3b6561c09318cde819ea,2025-01-31,491.87,49.19,49.19
67a0ff6909fec9cbdd45b05b,2025-02-03,143.79,14.38,14.38
67a10ea072b672afc4f47b85,2025-02-03,398.49,39.85,39.85
67a10f1a72b672afc4f47b91,2025-02-01,291.95,29.2,29.2
67a11ae562f5db5e83f0ced7,2025-02-03,128.04,12.8,12.8
67a11bc162f5db5e83f0cee5,2025-02-03,516.53,51.65,51.65
67a12a1762f5db5e83f0f2e2,2025-02-03,515.67,51.57,51.57
67a2315672b672afc4f4b05f,2025-02-04,2540.63,254.06,254.06
67a2418362f5db5e83f0fc0e,2025-02-04,273.75,27.38,27.38
67a257f672b672afc4f4b0ba,2025-02-04,213.92,21.39,21.39
67a25cb262f5db5e83f0fc53,2025-02-04,111.91,11.19,11.19
67a2786f72b672afc4f4b124,2025-02-04,1910.22,191.02,191.02
67a38149e5e4959a3b39f0cb,2025-02-05,622.91,62.29,62.29
67a38493e5e4959a3b39f0f1,2025-02-04,115.37,11.54,11.54
67a39736e5e4959a3b39f131,2025-02-05,201.37,20.14,20.14
67a3aa15950775cbf83f5a77,2025-02-05,394.38,39.44,39.44
67a3ac0d950775cbf83f5a8b,2025-02-05,381.44,38.14,38.14
67a4a81d54470e5eb2c34048,2025-02-05,2922.96,292.3,292.3
67a503b1fefad648d1bea592,2025-02-06,576.96,57.7,57.7
67a50e37ac4136f0de8615f2,2025-02-06,591.11,59.11,59.11
67a50ea9ac4136f0de8615fa,2025-02-06,2546.85,254.69,254.69
67a661d1a0df8d70aee629b3,2025-02-07,1176.93,117.69,117.69
67a66860ad358c9c8df75052,2025-02-06,881.76,88.18,88.18
67a9f0f7a0df8d70aee62d46,2025-02-05,435.52,43.55,43.55
67aa2734a0df8d70aee62e6e,2025-02-10,567.64,56.76,56.76
67aa3fd147d717642ccf3d61,2025-02-07,543.88,54.39,54.39
67aa44af47d717642ccf3d76,2025-02-07,1507.66,150.77,150.77
67aa4811bcd42fa342691cd4,2025-02-10,702.14,70.21,70.21
67aa4b5e47d717642ccf41ca,2025-02-10,146.09,14.61,14.61
67aa4ff1e7e15b582830f223,2025-02-10,273.83,27.38,27.38
67aa53dfe7e15b582830f22f,2025-02-08,163.56,16.36,16.36
67aa54a951715bab47e68664,2025-02-10,252.65,25.27,25.27
67aa562ce7e15b582830f249,2025-02-08,265.14,26.51,26.51
67aa5dec51715bab47e68682,2025-02-10,535.69,53.57,53.57
67aa5efd51715bab47e68690,2025-02-10,294.77,29.48,29.48
67aa8ea751715bab47e69f71,2025-02-10,1258.6,125.86,125.86
67aaaf6851715bab47e6a0d1,2025-02-10,531.38,53.14,53.14
67ab48fce7e15b582831325c,2025-02-10,445.88,44.59,44.59
67ab500c51715bab47e6a7ec,2025-02-10,1511.24,151.12,151.12
67ab57ace7e15b58283132b8,2025-02-10,330.64,33.06,33.06
67ab5923e7e15b58283132db,2025-02-11,425.39,42.54,42.54
67ab5d70e7e15b5828313303,2025-02-10,478.7,47.87,47.87
67ab5f4551715bab47e6a843,2025-02-11,669.94,66.99,66.99
67abaaf1e7e15b58283133bf,2025-02-11,239.75,23.98,23.98
67abe5f751715bab47e6a949,2025-02-11,190.55,19.06,19.06
67ace8afa69847ef8ee85e51,2025-02-12,442.33,44.23,44.23
67ad000ca69847ef8ee86f1c,2025-02-12,522.26,52.23,52.23
67adf2b871e3ebc3ad12ae49,2025-02-12,566.39,59.54,59.54
67adfe2f71e3ebc3ad12af23,2025-02-14,46811.76,260.0,260.0
67ae328671e3ebc3ad12affe,2025-02-13,1190.84,119.08,119.08
67ae340471e3ebc3ad12b011,2025-02-11,237.08,23.71,23.71
67ae365b618b75db93159c28,2025-02-13,2733.18,273.32,273.32
67ae383a71e3ebc3ad12b01c,2025-02-13,885.01,88.5,88.5
67ae557371e3ebc3ad12b069,2025-02-13,473.38,47.34,47.34
67af41a0ab7537262edf2cfe,2025-02-13,685.62,68.56,68.56
67af4ed6ab7537262edf2d53,2025-02-13,532.86,53.29,53.29
67af4f32ab7537262edf2d66,2025-02-11,678.7,67.87,67.87
67af7355ab7537262edf2dc7,2025-02-14,800.28,80.03,80.03
67af787cab7537262edf2ddc,2025-02-14,867.02,86.7,86.7
67af8174ab7537262edf2df5,2025-02-14,788.97,78.9,78.9
67af82e78b71e3a0bc3687c8,2025-02-14,312.61,31.26,31.26
67af8585ab7537262edf2e08,2025-02-14,486.41,48.64,48.64
67af8a318b71e3a0bc3687e8,2025-02-13,482.75,48.28,48.28
67af986bab7537262edf2e54,2025-02-14,627.57,62.76,62.76
67af9879ab7537262edf2e60,2025-02-14,377.68,37.77,37.77
67af9882ab7537262edf2e6d,2025-02-14,224.74,22.47,22.47
67af9893ab7537262edf2e79,2025-02-14,554.04,55.4,55.4
67afc63b8b71e3a0bc368846,2025-02-14,605.97,60.6,60.6
67b36e2f5993703ae967e807,2025-02-15,367.33,36.73,36.73
67b39ec25993703ae967e8ae,2025-02-17,675.84,67.58,67.58
67b3ab619a88dfc5b34c9258,2025-02-17,459.45,45.95,45.95
67b3b5b39a88dfc5b34c9276,2025-02-17,1862.4,186.24,186.24
67b3c1325993703ae967e8ee,2025-02-14,216.6,21.66,21.66
67b3c7f85993703ae967e8fe,2025-02-17,487.6,48.76,48.76
67b484059a88dfc5b34c95b9,2025-02-17,275.74,27.57,27.57
67b4916cd9b38f7cfe2bc2c3,2025-02-18,623.9,62.39,62.39
67b4b09b401f855a2cd97af0,2025-02-18,327.15,32.72,32.72
67b4ca56a01a855e7f35874c,2025-02-18,6311.08,631.11,631.11
67b4cc0da01a855e7f35876d,2025-02-18,2659.73,265.97,265.97
67b4df6fa01a855e7f358884,2025-02-18,740.77,74.08,74.08
67b4ef69a01a855e7f35896f,2025-02-18,872.04,87.2,87.2
67b4f0df1050f68df2141e50,2025-02-18,844.57,84.46,84.46
67b4f2da1050f68df2141e76,2025-02-18,6997.18,699.72,699.72
67b4f7001050f68df2141ebf,2025-02-18,2640.03,264.0,264.0
67b4f8bba01a855e7f358a13,2025-02-18,990.19,99.02,99.02
67b4f9f31050f68df2141efa,2025-02-18,1319.4,131.94,131.94
67b5ce7d38476941472b96ee,2025-02-19,213.55,21.36,21.36
67b6344cc42752d15569963d,2025-02-14,292.32,29.23,29.23
67b634dbc42752d155699647,2025-02-19,547.27,54.73,54.73
67b634fb236512cfec8e0559,2025-02-19,407.33,40.73,40.73
67b6359bc42752d15569965c,2025-02-19,575.29,57.53,57.53
67b636a2c42752d15569966d,2025-02-19,474.01,47.4,47.4
67b6372e236512cfec8e0583,2025-02-19,918.95,91.9,91.9
67b637e9c42752d15569967d,2025-02-19,810.51,81.05,81.05
67b63d64236512cfec8e05a9,2025-02-19,160.72,16.07,16.07
67b65b3f236512cfec8e05f0,2025-02-19,2590.54,259.05,259.05
67b67cc3236512cfec8e061f,2025-02-19,538.9,53.89,53.89
67b76dde2797a9eb03d5670b,2025-03-31,28569.71,-4552.55,-4552.55
67b774602797a9eb03d56739,2025-02-20,461.96,46.2,46.2
67b780892797a9eb03d56758,2025-02-20,161.27,16.13,16.13
67b78e2a2797a9eb03d56778,2025-02-20,138.99,13.9,13.9
67b795b3c8aeeff56e1e0613,2025-02-19,488.36,48.84,48.84
67b7af422797a9eb03d567b7,2025-02-20,1331.0,133.1,133.1
67b7c7212797a9eb03d567db,2025-02-18,405.98,40.6,40.6
67b7d628c8aeeff56e1e0663,2025-02-20,2582.54,258.25,258.25
67b7d873c8aeeff56e1e0674,2025-02-20,1476.63,147.66,147.66
67b7da7f2797a9eb03d567f0,2025-02-20,1543.84,154.38,154.38
67b7debc2797a9eb03d567fe,2025-02-20,561.75,56.18,56.18
67b7e2c22797a9eb03d5680f,2025-02-20,306.92,30.69,30.69
67b7e7d2c8aeeff56e1e0693,2025-02-20,175.07,17.51,17.51
67b8ab430e3991c09fa501b8,2025-02-21,1421.09,142.11,142.11
67b8ac5b12b9c436847b872a,2025-02-19,585.32,58.53,58.53
67b8b60a12b9c436847b8749,2025-02-21,272.09,27.21,27.21
67b8b8ee0e3991c09fa501e2,2025-02-20,168.19,16.82,16.82
67b8ba900e3991c09fa501f5,2025-02-21,170.85,17.09,17.09
67b8d84d0e3991c09fa5022c,2025-02-21,744.34,74.43,74.43
67b8d9540e3991c09fa5023d,2025-02-21,3519.74,351.97,351.97
67b8de2f0e3991c09fa50268,2025-02-21,1846.98,184.7,184.7
67b8e0ae0e3991c09fa50280,2025-02-21,2055.11,205.51,205.51
67b8f37112b9c436847b87f1,2025-03-11,406.63,0.0,0.0
67bbb87712b9c436847bd185,2025-02-21,399.88,39.99,39.99
67bbb9fd0e3991c09fa573c0,2025-02-21,1507.97,150.8,150.8
67bbbc160e3991c09fa573cd,2025-02-21,848.93,84.89,84.89
67bc894f6625fbade5ded864,2025-02-18,572.25,57.23,57.23
67bc950a6625fbade5ded8b3,2025-02-24,823.37,82.34,82.34
67bc99226625fbade5ded8cd,2025-02-24,452.21,45.22,45.22
67bc9e746625fbade5ded8ed,2025-02-24,544.57,54.46,54.46
67bca8eb4c87410d3c891db7,2025-02-27,52588.09,2982.05,2982.05
67bcc8ee6625fbade5ded9ac,2025-02-24,155.94,15.59,15.59
67bcca546625fbade5ded9c6,2025-02-24,839.57,83.96,83.96
67bccc244c87410d3c891e56,2025-02-24,1105.19,110.52,110.52
67bcd0a04c87410d3c891e6b,2025-02-24,1593.42,159.34,159.34
67bd07ec4c87410d3c891f0f,2025-02-24,734.91,73.49,73.49
67bdb01a6625fbade5dedd19,2025-02-24,1393.56,139.36,139.36
67bdb0bf6625fbade5dedd32,2025-02-24,283.64,28.36,28.36
67bdc5f7e6b1bb4154559784,2025-02-24,460.24,46.02,46.02
67bdc6cbc754ab13a73a54b4,2025-02-25,264.13,26.41,26.41
67be07b3d4c7ca98e6aff0ee,2025-02-25,1555.28,155.53,155.53
67be0c40fa83fa73798bf9fc,2025-02-25,419.68,41.97,41.97
67be1855d4c7ca98e6aff135,2025-02-25,916.77,91.68,91.68
67be19e3d4c7ca98e6aff146,2025-02-25,141.89,14.19,14.19
67be20d5fa83fa73798bfa46,2025-02-25,739.28,73.93,73.93
67be23e1d4c7ca98e6aff179,2025-02-24,262.1,26.21,26.21
67be3837d4c7ca98e6aff1a5,2025-02-25,698.54,69.85,69.85
67be4810fa83fa73798bfa99,2025-02-25,404.22,40.42,40.42
67be492efa83fa73798bfaa6,2025-02-21,361.71,36.17,36.17
67be4bcefa83fa73798bfab5,2025-02-24,1055.16,105.52,105.52
67be4dfdd4c7ca98e6aff1c7,2025-02-24,624.67,62.47,62.47
67be4ef2d4c7ca98e6aff1d8,2025-02-25,406.07,40.61,40.61
67be5071d4c7ca98e6aff1e8,2025-02-25,495.53,49.55,49.55
67bf0f33fa83fa73798bfe2c,2025-02-25,494.27,49.43,49.43
67bf322ad4c7ca98e6aff695,2025-02-26,631.02,63.1,63.1
67bf67f6b8ef5126941af9cb,2025-02-24,1119.78,111.98,111.98
67bf7a4323ab3402f6fdc31e,2025-02-19,431.7,43.17,43.17
67bf84d323ab3402f6fdc341,2025-02-27,42233.47,-6199.79,-6199.79
67bf930d23ab3402f6fdc371,2025-02-25,225.0,22.5,22.5
67bfda7723ab3402f6fdc3e8,2025-02-26,3259.85,325.99,325.99
67c04f12b8ef5126941afd35,2025-02-26,1374.69,137.47,137.47
67c0cdb94c655ff8a056e1eb,2025-02-26,266.83,26.68,26.68
67c1f4c2123d7dbb33dc12dd,2025-02-27,6210.23,621.02,621.02
67c20cce123d7dbb33dc1332,2025-02-28,389.89,38.99,38.99
67c211ac9465c86bf826d266,2025-02-28,143.19,14.32,14.32
67c213f4123d7dbb33dc1351,2025-02-27,163.84,16.38,16.38
67c23a81123d7dbb33dc137c,2025-02-28,877.97,87.8,87.8
67c23be5123d7dbb33dc138e,2025-02-28,571.64,57.16,57.16
67c795d11660a7dee86e5225,2025-02-28,1161.7,116.17,116.17
67c818161660a7dee86e9139,2025-02-21,446.61,44.66,44.66
67c888d140583cbaa1f7f4c0,2025-03-03,435.78,43.58,43.58
67c89a3f68bdecf7afd57cad,2025-03-03,909.65,90.97,90.97
67c89dea40583cbaa1f7f598,2025-03-03,209.6,20.96,20.96
67c8aac968bdecf7afd57cf7,2025-02-28,380.75,38.08,38.08
67c8b77c40583cbaa1f809c9,2025-02-28,231.97,23.2,23.2
67c8c4bb40583cbaa1f80a76,2025-03-05,801.13,80.11,80.11
67c8cf0568bdecf7afd57e86,2025-02-25,258.87,25.89,25.89
67c8cf3740583cbaa1f80b06,2025-03-05,408.64,40.86,40.86
67c8d43840583cbaa1f80b51,2025-03-04,878.21,87.82,87.82
67c9cbed5e266a1c79c68c26,,1831.3,183.13,183.13
67ca02ccf4c9c165a2d78402,2025-03-05,484.86,48.49,48.49
67ca0a25f4c9c165a2d7846f,2025-03-06,195.9,19.59,19.59
67ca0c79f4c9c165a2d78492,2025-03-06,892.85,89.29,89.29
67ca46f914bb630910140562,2025-03-06,1117.44,111.74,111.74
67caee5270be4b8717a737fe,2025-03-06,4680.67,468.07,468.07
67cb1a8248facf1263a920f9,2025-03-07,416.34,41.63,41.63
67cb1f1e48facf1263a9210b,2025-02-25,431.69,43.17,43.17
67cb21e948facf1263a9213f,2025-02-24,291.14,29.11,29.11
67cb4c8a72fa2c85e67f0289,2025-03-07,890.45,89.05,89.05
67cb506972fa2c85e67f029b,2025-03-07,1763.42,176.34,176.34
67cb534a48facf1263a92210,2025-03-06,512.49,51.25,51.25
67cb55f848facf1263a9221b,2025-03-07,502.91,50.29,50.29
67cb5dd448facf1263a9222d,2025-03-07,244.37,24.44,24.44
67cb5f4048facf1263a92240,2025-03-07,1120.26,112.03,112.03
67cb602648facf1263a9224c,2025-03-07,265.59,26.56,26.56
67ce509c72fa2c85e67f603a,2025-02-27,484.25,48.43,48.43
67cebacd72fa2c85e67f8a20,2025-03-08,3994.9,399.49,399.49
67cf3f3eecad568f7a1ed8a1,2025-02-26,125.61,12.56,12.56
67cf401116c439133e297fac,2025-03-08,748.41,74.84,74.84
67cf41cdecad568f7a1ed8cc,2025-03-10,427.78,42.78,42.78
67cf4579ecad568f7a1ed904,2025-03-09,200.89,20.09,20.09
67cf702dda7c3729bd54631d,2025-03-10,2813.18,281.32,281.32
67cf73efda7c3729bd54635b,2025-03-11,3155.18,315.52,315.52
67d022630230569156af4190,2025-02-26,207.65,20.77,20.77
67d0303913ff0013fd660fbe,2025-03-05,141.79,14.18,14.18
67d06a3423d6d02a00002eff,2025-03-11,426.14,42.61,42.61
67d078c9c2ea1faefc29e6de,2025-03-11,3221.5,322.15,322.15
67d08a81b054a2b6ced28346,2025-03-11,1651.79,165.18,165.18
67d09cc3b054a2b6ced28449,2025-03-11,345.69,34.57,34.57
67d0a04ec2ea1faefc29e928,2025-03-10,1032.54,103.25,103.25
67d0a2d2c2ea1faefc29e964,2025-03-11,515.29,51.53,51.53
67d0aa84b054a2b6ced28516,2025-03-10,224.83,22.48,22.48
67d0abd7b054a2b6ced2852b,2025-03-10,127.49,12.75,12.75
67d1d1d173dfd12eb9ef0f88,2025-03-12,4282.22,428.22,428.22
67d1d2c973dfd12eb9ef0fa2,2025-03-11,982.41,98.24,98.24
67d1d35f1ea8f08a0e820a8f,2025-03-12,434.51,43.45,43.45
67d1d55573dfd12eb9ef0fcd,2025-03-12,208.37,20.84,20.84
67d1d59b73dfd12eb9ef0fde,2025-03-12,1373.75,137.38,137.38
67d20f5873dfd12eb9ef1284,2025-03-12,181.11,18.11,18.11
67d2118073dfd12eb9ef12a6,2025-03-12,397.98,39.8,39.8
67d216271ea8f08a0e820dbf,2025-03-11,236.29,23.63,23.63
67d2162d1ea8f08a0e820dcb,2025-02-25,324.97,32.5,32.5
67d21bfe73dfd12eb9ef1321,2025-03-10,614.81,61.48,61.48
67d21c2173dfd12eb9ef132f,2025-03-10,450.44,45.04,45.04
67d21f4973dfd12eb9ef1361,2025-03-10,485.16,48.52,48.52
67d220f41ea8f08a0e820e58,2025-03-10,203.22,20.32,20.32
67d222b973dfd12eb9ef1399,2025-03-11,484.56,48.46,48.46
67d224a01ea8f08a0e820e90,2025-03-08,527.32,52.73,52.73
67d226651ea8f08a0e820eb3,2025-03-11,103.47,10.35,10.35
67d2279b73dfd12eb9ef13e8,2025-03-07,2527.72,252.77,252.77
67d231e41ea8f08a0e820f3c,2025-02-26,1822.75,182.28,182.28
67d234fe1ea8f08a0e820f6a,2025-02-27,2391.06,239.11,239.11
67d3042d1ea8f08a0e821f19,2025-03-13,972.37,97.24,97.24
67d3364cb98e2bcdcee82126,2025-03-13,546.34,54.63,54.63
67d34315b98e2bcdcee8215d,2025-03-12,828.7,82.87,82.87
67d34338d5744f93b2e0f5f0,2025-03-12,1342.38,134.24,134.24
67d345a9b98e2bcdcee82178,2025-03-12,485.25,48.53,48.53
67d34750d5744f93b2e0f612,2025-03-13,1718.87,171.89,171.89
67d34846b98e2bcdcee82193,2025-03-12,304.62,30.46,30.46
67d35c6eb98e2bcdcee821db,2025-03-18,34547.96,-679.2,-679.2
67d4082ed5744f93b2e0f986,2025-03-13,4992.05,499.21,499.21
67d41795fcdc826751774927,2025-03-13,508.9,50.89,50.89
67d417a8fcdc826751774933,2025-03-13,561.49,56.15,56.15
67d42e31214a12ded34b34ca,2025-03-13,118.09,11.81,11.81
67d42efdfcdc8267517749e2,2025-03-19,19055.34,763.0,763.0
67d441dbfcdc826751774ac3,2025-03-14,5609.31,560.93,560.93
67d4486efcdc826751774aef,2025-03-14,1377.76,137.78,137.78
67d449d5fcdc826751774afe,2025-03-14,1398.35,139.84,139.84
67d44b57214a12ded34b35c2,2025-03-13,507.94,50.79,50.79
67d44bd8214a12ded34b35cf,2025-03-13,436.3,43.63,43.63
67d457f3c954fc23e3d8b407,2025-03-13,938.06,93.81,93.81
67d45be0c954fc23e3d8b424,2025-03-13,890.25,89.03,89.03
67d46ea6c954fc23e3d8b452,2025-03-13,1416.69,141.67,141.67
67d4813dc954fc23e3d8b4b0,2025-03-14,1594.18,159.42,159.42
67d48290c954fc23e3d8b4d4,2025-03-14,4743.65,474.37,474.37
67d48368c954fc23e3d8b529,2025-03-14,316.23,31.62,31.62
67d4849ac954fc23e3d8b540,2025-03-14,2372.35,237.24,237.24
67d48cc1214a12ded34b36fe,2025-03-14,141.74,14.17,14.17
67d4b3e5214a12ded34b372e,2025-02-21,1315.02,131.5,131.5
67d4ca98c954fc23e3d8b602,2025-03-11,1289.29,128.93,128.93
67d82589c954fc23e3d8bc56,2025-03-10,1552.04,155.2,155.2
67d896e036ffb80c388f62a9,2025-03-17,1780.76,178.08,178.08
67d89876e3d32bddca943081,2025-03-17,171.25,17.13,17.13
67d899de36ffb80c388f62c4,2025-03-17,1148.43,114.84,114.84
67d89c55e3d32bddca943096,2025-02-26,1321.92,132.19,132.19
67d89e28e3d32bddca9430a5,2025-03-17,1130.57,113.06,113.06
67d89ef6e3d32bddca9430b5,2025-03-14,445.45,44.55,44.55
67d8d7b536ffb80c388f6327,2025-03-14,408.57,40.86,40.86
67d8e863e3d32bddca94311a,2025-03-14,478.8,47.88,47.88
67d8f293e3d32bddca943137,2025-03-17,395.56,39.56,39.56
67d95497e3d32bddca943509,2025-03-17,818.87,81.89,81.89
67d99100d269d8d9a2354118,2025-03-18,208.6,20.86,20.86
67d9afd3e0689a2e6e96193b,2025-03-20,33946.67,-1344.23,-1344.23
67d9e5b9e0689a2e6e9619e3,2025-03-17,1505.77,150.58,150.58
67d9f120f003ccfe31773b4e,2025-03-17,668.9,66.89,66.89
67d9f88ce0689a2e6e961a04,2025-03-17,2116.29,211.63,211.63
67d9fffce0689a2e6e961a25,2025-03-17,513.04,51.3,51.3
67da0397e0689a2e6e961a3e,2025-03-17,1709.74,170.97,170.97
67da08eae0689a2e6e961a78,2025-03-18,913.69,91.37,91.37
67da0b40e0689a2e6e961a92,2025-03-13,117.62,11.76,11.76
67da7854e0689a2e6e961b96,2025-03-17,553.57,55.36,55.36
67daabcdf003ccfe31773ed2,2025-03-19,1143.96,0.0,0.0
67daba07e0689a2e6e961e23,2025-03-17,1332.29,133.23,133.23
67dabd66f003ccfe31773f62,2025-03-18,1113.34,111.33,111.33
67dabea5e0689a2e6e961e59,2025-03-18,680.83,68.08,68.08
67dabf90e0689a2e6e961e68,2025-03-18,357.12,35.71,35.71
67db0eb9f003ccfe317740c5,2025-03-14,1925.07,192.51,192.51
67db1cd7f003ccfe31774111,2025-03-19,456.1,45.61,45.61
67db1e3cf003ccfe31774126,2025-03-19,2723.46,272.35,272.35
67db21a3f003ccfe3177414b,2025-03-19,466.13,46.61,46.61
67db21a5e0689a2e6e961ffd,2025-03-19,384.08,38.41,38.41
67db4f5af003ccfe317741bd,2025-02-25,750.65,75.07,75.07
67db4f7bf003ccfe317741cb,2025-03-19,2521.57,252.16,252.16
67db5102f003ccfe317741e9,2025-03-19,1878.68,187.87,187.87
67db5508e0689a2e6e96205f,2025-03-19,2977.09,297.71,297.71
67db59e4f003ccfe31774215,2025-03-19,305.94,30.59,30.59
67db5cb7e0689a2e6e962085,2025-03-19,889.96,89.0,89.0
67db5f8fe0689a2e6e9620b1,2025-03-19,2159.05,215.9,215.9
67dbf655e0689a2e6e96e7c8,2025-03-20,24250.74,1356.5,1356.5
67dc1130e0689a2e6e96e8ce,2025-03-19,1412.56,141.26,141.26
67dc1709f003ccfe31774707,2025-03-19,1258.09,125.81,125.81
67dc1b61e0689a2e6e96e91d,2025-03-19,439.32,43.93,43.93
67dc1e96f003ccfe31774747,2025-03-19,721.64,72.16,72.16
67dc20a9e0689a2e6e96e957,2025-03-19,669.2,66.92,66.92
67dc24dbe0689a2e6e96e971,2025-03-19,630.09,63.01,63.01
67dc3b00e0689a2e6e96e9cf,2025-03-19,651.47,65.15,65.15
67dc576f3b6185b8cd53e401,2025-03-28,19203.7,180.0,180.0
67dc597f3b6185b8cd53e425,2025-03-20,245.67,24.57,24.57
67dc5bc73b6185b8cd53e435,2025-03-19,577.87,57.79,57.79
67dc6b91f8e513f1706dc1e6,2025-03-20,1175.41,117.54,117.54
67dc6d1f3b6185b8cd53e49c,2025-03-20,1028.41,102.84,102.84
67dc6e583b6185b8cd53e4ac,2025-03-20,754.65,75.47,75.47
67dc7071f8e513f1706dc203,2025-03-20,1276.14,127.61,127.61
67dc71f9f8e513f1706dc216,2025-03-20,392.21,39.22,39.22
67dc73363b6185b8cd53e4cb,2025-03-20,1020.39,102.04,102.04
67dc7473f8e513f1706dc22f,2025-03-20,615.26,61.53,61.53
67dc76adf8e513f1706dc23f,2025-03-20,535.41,53.54,53.54
67dc77eef8e513f1706dc24f,2025-03-20,649.73,64.97,64.97
67dc797b3b6185b8cd53e4f3,2025-03-20,1080.49,108.05,108.05
67dc7aeef8e513f1706dc266,2025-03-20,872.2,87.22,87.22
67dc7c4f3b6185b8cd53e511,2025-03-20,1089.22,108.92,108.92
67dc7d143b6185b8cd53e522,2025-03-20,836.59,83.66,83.66
67dc80533b6185b8cd53e535,2025-03-19,2549.45,254.95,254.95
67dcc9c03b6185b8cd53e592,2025-03-20,430.56,43.06,43.06
67dccbd13b6185b8cd53e5ae,2025-03-20,3988.81,398.88,398.88
67dcce203b6185b8cd53e5c9,2025-03-20,281.32,28.13,28.13
67dd45143b6185b8cd53e871,2025-03-13,561.86,56.19,56.19
67dd98ac3970bba68b089b07,2025-03-21,645.09,64.51,64.51
67dd9e253970bba68b089b36,2025-03-21,515.35,51.54,51.54
67dda2c42e11c8c002cdadc6,2025-03-21,1328.44,132.84,132.84
67dda4ed2e11c8c002cdadd9,2025-03-21,916.3,91.63,91.63
67ddbbcf3970bba68b089bac,2025-03-21,2403.27,240.33,240.33
67ddbd0535cd58dea8f8f24a,2025-03-21,426.22,42.62,42.62
67ddbe3635cd58dea8f8f257,2025-03-21,977.07,97.71,97.71
67ddc00535cd58dea8f8f265,2025-03-21,289.36,28.94,28.94
67ddc8133970bba68b089bd7,2025-03-20,4051.16,405.12,405.12
67ddde133970bba68b089c28,2025-03-21,5341.25,534.13,534.13
67ddee0f3970bba68b089c50,2025-03-14,3341.15,334.12,334.12
67de009f35cd58dea8f8f2d2,2025-03-14,858.08,85.81,85.81
67de03fb35cd58dea8f8f2e0,2025-03-21,591.48,59.15,59.15
67de09d735cd58dea8f8f2f0,2025-03-17,759.36,75.94,75.94
67de19583970bba68b089c8f,2025-03-20,778.55,77.86,77.86
67de210335cd58dea8f8f306,2025-03-19,337.63,33.76,33.76
67de34423970bba68b089cb3,2025-03-17,1171.88,117.19,117.19
67de363e35cd58dea8f8f323,2025-03-17,453.65,45.37,45.37
67deee463970bba68b089cfd,2025-03-19,236.85,23.69,23.69
67e13badc9907af4761bb050,2025-03-20,1939.35,0.0,0.0
67e15a04c9907af4761bb17b,2025-03-21,1312.64,131.26,131.26
67e15c94c9907af4761bb1c0,2025-03-21,505.53,,
67e19cc6755dbc416c788b35,2025-03-24,1815.21,,
67e19e60e71b732c4823f51e,2025-03-24,880.11,88.01,88.01
67e19f39755dbc416c788b4a,2025-03-24,810.15,,
67e1b9072f6685e45715400b,2025-03-20,4088.12,0.0,0.0
67e1b9b77088473fd78a4859,2025-03-21,1164.35,116.43,116.43
67e1bbba7088473fd78a487b,2025-03-21,465.57,46.56,46.56
67e1bea57088473fd78a48ad,2025-03-24,2482.69,248.27,248.27
67e1c02d7088473fd78a48d5,2025-03-24,882.05,,
67e1c1362f6685e457154051,2025-03-21,1399.58,,
67e1c2a62f6685e457154065,2025-03-24,985.02,98.5,98.5
67e1e1067088473fd78a4917,2025-03-24,534.4,,
67e1e4d17088473fd78a4928,2025-03-21,173.77,0.0,0.0
67e1e7997088473fd78a493b,2025-03-24,161.72,16.17,16.17
67e1e97c7e794201f629f813,2025-03-24,397.74,39.77,39.77
67e2bd501a0c339cd3957581,2025-03-27,19063.73,-822.0,-822.0
67e2f11af8bcf0be5a9540df,2025-03-25,1177.39,117.74,117.74
67e2f648f8bcf0be5a954114,2025-03-25,460.34,46.03,46.03
67e2f7faf8bcf0be5a95412b,2025-03-24,1417.44,141.74,141.74
67e2fcd81a0c339cd395768b,2025-03-25,580.68,58.07,58.07
67e2ff1b1a0c339cd39576ac,2025-03-25,488.64,48.86,48.86
67e302341a0c339cd39576c3,2025-03-25,265.75,26.58,26.58
67e304571a0c339cd39576d7,2025-03-25,985.56,98.56,98.56
67e30f928ba0d53279ab5a16,2025-03-28,11750.99,-193.85,-193.85
67e33b8d8ba0d53279ab5a5d,2025-03-25,612.01,,
67e3f2c67a02c3ca65c796cc,2025-03-25,228.09,22.81,22.81
67e4052b7a02c3ca65c79756,2025-03-25,417.99,41.8,41.8
67e40c7e28d1a6a4fe3449b5,2025-03-27,16279.8,587.16,587.16
67e4343828d1a6a4fe344a1b,2025-03-25,401.76,,
67e437647a02c3ca65c797f0,2025-03-25,433.93,43.39,43.39
67e438e928d1a6a4fe344a3c,2025-03-25,368.28,36.83,36.83
67e445f297a7e37089738cda,2025-03-26,427.69,42.77,42.77
67e44d9097a7e37089738d04,2025-03-26,7101.92,710.19,710.19
67e475cc2b3df5470d8dd089,2025-03-26,990.45,99.05,99.05
67e475de2b3df5470d8dd095,2025-03-26,900.47,90.05,90.05
67e475fa97a7e37089738da6,2025-03-26,585.2,58.52,58.52
67e4826f97a7e37089738dc5,2025-03-26,1999.68,199.97,199.97
67e483a02b3df5470d8dd0b9,2025-03-26,2726.55,272.66,272.66
67e484792b3df5470d8dd0ca,2025-03-25,179.52,17.95,17.95
67e484e22b3df5470d8dd0d8,2025-03-26,3845.54,384.55,384.55
67e486f797a7e37089738de4,2025-03-26,1833.03,183.3,183.3
67e48c782b3df5470d8dd108,2025-03-26,1277.92,127.79,127.79
67e58e765bc9a00bd7e3013c,2025-03-26,255.29,25.53,25.53
67e5906040b241cc8f0f467a,2025-03-27,3847.64,384.76,384.76
67e591e240b241cc8f0f4695,2025-03-26,238.73,23.87,23.87
67e5aa005bc9a00bd7e3017b,2025-04-01,25143.61,-134.4,-134.4
67e5b0c35bc9a00bd7e301ad,2025-03-27,170.67,17.07,17.07
67e5b3ed5bc9a00bd7e301ca,2025-03-27,5811.46,581.15,581.15
67e5b4015bc9a00bd7e301d6,2025-03-27,6436.22,643.62,643.62
67e5b5d25bc9a00bd7e301f8,2025-03-27,388.16,38.82,38.82
67e5b7d440b241cc8f0f46f0,2025-03-27,456.13,45.61,45.61
67e5e5865bc9a00bd7e3022e,2025-03-26,1202.93,120.29,120.29
67e5e8935bc9a00bd7e3023c,2025-03-10,428.44,42.84,42.84
67e5e90740b241cc8f0f4714,2025-03-10,136.35,13.64,13.64
67e5eef440b241cc8f0f4725,2025-03-26,1468.09,146.81,146.81
67e692ba40b241cc8f0f4ac6,2025-03-18,104.47,10.45,10.45
67e69a2140b241cc8f0f4af3,2025-03-27,337.84,33.78,33.78
67e6af3100105039b0564a72,2025-03-27,109.36,10.94,10.94
67e6c3ab72ade08a6c336ed1,2025-03-28,472.9,47.29,47.29
67e6cffa72ade08a6c336ef5,2025-03-27,801.67,80.17,80.17
67e6d1ef754dfd10c7760134,2025-03-28,308.56,30.86,30.86
67e6edbc2a0ade56f21e58c4,2025-03-28,186.23,18.62,18.62
67e6fcd0090cb22f1c23b0dd,2025-03-28,4087.06,408.71,408.71
67e70193090cb22f1c23b0ff,2025-03-28,7474.7,747.47,747.47
67e70251090cb22f1c23b119,2025-03-28,5023.49,502.35,502.35
67e702ba50c57b09968b4e3f,2025-03-27,794.04,79.4,79.4
67e704a5090cb22f1c23b13e,2025-03-28,1516.87,151.69,151.69
67e705a3090cb22f1c23b14f,2025-03-28,774.87,77.49,77.49
67e708a550c57b09968b4e86,2025-03-28,5978.82,597.88,597.88
67e708f3090cb22f1c23b18e,2025-03-28,518.79,51.88,51.88
67e70a9550c57b09968b4e97,2025-03-28,874.94,87.49,87.49
67e7291750c57b09968b4ebb,2025-03-28,438.25,43.82,43.82
67ea14ff090cb22f1c23b359,2025-03-28,1727.37,172.74,172.74
67ea67d2513f8ef6f19d808f,2025-03-29,311.5,31.15,31.15
67ea6e78848b5622c8c7414b,2025-03-28,882.8,88.28,88.28
67ea8b654b250652c85e7cc0,2025-03-30,7731.02,773.1,773.1
67ea90eac8065bd219534829,2025-03-28,183.23,18.32,18.32
67eac09d5a014b6e33720e7d,2025-03-26,326.43,32.64,32.64
67eac0e0796aac7b439ae7e5,2025-03-30,982.49,98.25,98.25
67eac348796aac7b439ae7f9,2025-03-26,399.24,39.92,39.92
67eac484796aac7b439ae805,2025-03-28,197.74,19.77,19.77
67eac6135a014b6e33720e96,2025-03-24,295.62,29.56,29.56
67eacaee5a014b6e33720ead,2025-03-31,401.1,40.11,40.11
67eaf0295bcfb75c3737fc5b,2025-03-31,1682.58,168.26,168.26
67eaf1ca39ebd1d263495cd2,2025-03-30,1996.32,199.63,199.63
67eaf69d5bcfb75c3737fc77,2025-03-17,1420.14,142.01,142.01
67eaf7115bcfb75c3737fc85,2025-03-22,4598.23,459.82,459.82
67eb056b39ebd1d263495d17,2025-03-31,434.84,43.48,43.48
67eb0d4b39ebd1d263495d2e,2025-03-31,269.6,26.96,26.96
67eb11bd5bcfb75c3737fcdb,2025-03-31,263.58,26.36,26.36
67eb16d339ebd1d263495d4e,2025-03-31,136.01,13.6,13.6
67eb1b425bcfb75c3737fcfa,2025-03-31,1011.85,101.19,101.19
67eb1c445bcfb75c3737fd06,2025-03-31,842.48,84.25,84.25
67eb26c739ebd1d263495d60,2025-03-31,2718.08,271.81,271.81
67eb27b539ebd1d263495d6d,2025-03-31,593.83,59.38,59.38
67eb287139ebd1d263495d7f,2025-03-31,1131.58,113.16,113.16
67eb468939ebd1d263495daf,2025-03-31,565.7,56.57,56.57
67eb47b95bcfb75c3737fd41,2025-03-31,312.54,31.25,31.25
67ec1edfb55352d20f5960c4,2025-03-31,404.2,40.42,40.42
67ec29617f496482d1c8c4b4,2025-04-26,720.21,72.02,72.02
67ec2aa8b55352d20f5960fb,2025-04-01,567.6,56.76,56.76
67ec2c79b55352d20f59610f,2025-04-01,407.67,40.77,40.77
67ec2e11b55352d20f596123,2025-04-26,493.38,49.34,49.34
67ec2fd7b55352d20f59613a,2025-04-26,606.62,60.66,60.66
67ec342b7f496482d1c8c4fc,2025-04-01,751.57,75.16,75.16
67ec5693b55352d20f59619f,2025-04-26,614.63,61.46,61.46
67ec6126b55352d20f5961bf,2025-04-01,624.21,62.42,62.42
67ec61297f496482d1c8c550,2025-04-01,479.51,47.95,47.95
67ec612bb55352d20f5961cb,2025-04-01,541.67,54.17,54.17
67ed5a8070f9995e6f9005a7,2025-04-26,311.46,31.15,31.15
67ed9e56786f5bca82dd0909,2025-04-02,141.91,14.19,14.19
67ed9fc4cbcb799c223ab18b,2025-04-02,437.72,43.77,43.77
67eda22a786f5bca82dd0923,2025-04-02,205.89,20.59,20.59
67ee972a872696d152701d69,2025-04-04,52749.99,-1512.0,-1512.0
67eeeb425687cab15b2c0354,2025-04-01,133.16,13.32,13.32
67ef035f5a9c3ef765cb316b,2025-04-03,3369.69,336.97,336.97
67ef04b409cb566dcc135376,2025-04-02,360.16,36.02,36.02
67efad4a6d54924bca937606,2025-04-02,557.19,55.72,55.72
67efb46be65a8de26d81c1c2,2025-03-31,588.73,-90.01,-90.01
67efb9f6e65a8de26d81c340,2025-04-03,405.26,40.53,40.53
67f041914cd4c9c1e3af160a,2025-04-04,2828.68,282.87,282.87
67f045501dc7dc786ce7f226,2025-04-04,9566.9,956.69,956.69
67f04709d45c1cdd24d7fe29,2025-02-19,118.82,11.88,11.88
67f04c3bd45c1cdd24d7fe43,2025-03-27,1167.38,-205.86,-205.86
67f04e94d45c1cdd24d7fe65,2025-04-04,4422.49,442.25,442.25
67f04fd7d45c1cdd24d7fe88,2025-04-03,601.43,60.14,60.14
67f05005d45c1cdd24d7fe94,2025-04-03,360.9,36.09,36.09
67f0588a4cd4c9c1e3af166b,2025-04-02,1880.66,188.07,188.07
67f05d0ee1c610afa0ca8737,2025-04-04,181.89,18.19,18.19
67f3de896a2568f765f2b2a9,2025-04-08,9652.92,830.0,830.0
67f41bbde052e333eb76836d,2025-04-03,118.52,11.85,11.85
67f4333923b8adf3e6545dc1,2025-04-07,316.4,31.64,31.64
67f433ac23b8adf3e6545dce,2025-04-26,188.15,18.82,18.82
67f441f723b8adf3e6545e0a,2025-04-07,338.54,33.85,33.85
67f443ba23b8adf3e6545e1e,2025-04-04,541.39,54.14,54.14
67f45d99c1cf70fb7fde002f,2025-04-07,3003.88,300.39,300.39
67f512a0f1d64fc18ad6640e,2025-04-04,142.11,14.21,14.21
67f5676e9b85b2d8c1b11646,2025-04-04,1222.95,122.29,122.29
67f5788c220f49486e1e6ebd,2025-03-31,458.6,45.86,45.86
67f57eb9220f49486e1e6ede,2025-04-08,1961.11,196.11,196.11
67f58128f2cb35a0632d5592,2025-04-08,271.23,27.12,27.12
67f583d3f2cb35a0632d55a9,2025-04-08,302.08,30.21,30.21
67f58615220f49486e1e6f03,2025-04-08,686.97,68.7,68.7
67f5f73bd2462d7f0124dce4,2025-04-08,1012.2,101.22,101.22
67f5f8e136fc1e135b9c3df6,2025-04-07,2949.48,294.95,294.95
67f5fa3436fc1e135b9c3e06,2025-04-07,211.98,21.2,21.2
67f5fd2336fc1e135b9c3e13,2025-04-07,1174.65,117.47,117.47
67f6b12b988373ed4a6bd11b,2025-04-09,11412.84,602.8,602.8
67f6d87940cb1bbde55ce370,2025-04-09,5041.44,504.14,504.14
67f6da0940cb1bbde55ce39c,2025-04-08,1257.37,125.74,125.74
67f6da6a40cb1bbde55ce3ad,2025-04-04,679.05,67.9,67.9
67f6dad140cb1bbde55ce3bb,2025-04-08,1129.45,112.94,112.94
67f6dcc0136841bb988b4c69,2025-04-09,137.86,13.79,13.79
67f6dd40b2927d54688338a3,2025-04-09,174.49,17.45,17.45
67f6de25136841bb988b4c80,2025-04-08,6840.82,684.08,684.08
67f6df313fbbd74f1ad61f03,2025-04-08,1425.4,142.54,142.54
67f6e0e3136841bb988b4ca6,2025-04-08,403.07,40.31,40.31
67f6e174136841bb988b4cba,2025-04-08,508.69,50.87,50.87
67f6e8283fbbd74f1ad61f53,2025-04-08,282.21,28.22,28.22
67f6e9c4136841bb988b4cf8,2025-04-08,385.19,38.52,38.52
67f6fee6136841bb988b4d15,2025-04-09,1148.56,114.86,114.86
67f7045de462095a8dbc580a,2025-04-26,143.87,14.39,14.39
67f724bd136841bb988b4d4e,2025-04-09,937.12,93.71,93.71
67f7292cd84e430001ef8d27,2025-04-09,428.08,42.81,42.81
67f72a96136841bb988b4d6f,2025-04-08,352.46,35.25,35.25
67f81abd5c8a6eb018c032b3,2025-04-17,30617.5,52.0,52.0
67f81cad0d3fd17b933e5c27,2025-04-07,492.12,49.21,49.21
67f956af55cf71b093ef857e,2025-05-26,21501.69,-1596.34,-1596.34
67f97212ff99b460ab8f3cc3,2025-04-11,639.0,63.9,63.9
67f9dbd321355654845e9438,2025-04-11,324.1,32.41,32.41
67f9e26d17ff257b1adf332f,2025-04-10,512.29,51.23,51.23
67fd77f052389fcd198f74d0,2025-04-11,804.86,80.49,80.49
67fe40afd1defb34e11a0a90,2025-03-31,1025.69,102.57,102.57
67fe437b01e59d2135d04c88,2025-04-10,578.77,57.88,57.88
67fe440601e59d2135d04c95,2025-04-10,308.39,30.84,30.84
67fe443101e59d2135d04ca2,2025-04-10,925.81,92.58,92.58
67fe49a66de178b432f8eab6,2025-04-09,171.83,17.18,17.18
67fe4a0a748ef3d51699c280,2025-04-10,415.01,41.5,41.5
67fe4a57413ef3a583640516,2025-04-10,256.25,25.63,25.63
67fe4a8c3d7379769acc6427,2025-04-10,229.85,22.98,22.98
67fe4ac1413ef3a583640526,2025-04-10,221.78,22.18,22.18
67fe4afb3d7379769acc6436,2025-04-10,717.47,71.75,71.75
67fe66e03d7379769acc65b2,2025-04-10,256.84,25.68,25.68
67ff5cbeb2445f6529370786,2025-04-11,211.34,21.13,21.13
67fff7c640ae85e1db4f8844,2025-04-10,438.83,43.88,43.88
6800f0551ca51c659c4558d1,2025-04-10,128.55,12.86,12.86
6800f0bd52fec10d12011cc6,2025-04-09,271.96,27.2,27.2
680110f3dc14a48ea53a2a60,2025-04-10,525.0,52.5,52.5
68014a816ee5b4d30083a6a7,2025-04-16,241.37,24.14,24.14
680175d395195af36dcaade0,2025-04-17,1010.31,101.03,101.03
68022185bc59189378b6d45c,2025-04-16,462.54,46.25,46.25
6802295b3893af0ee2208773,2025-04-14,5127.33,512.73,512.73
68022baae68e18d5593daa01,2025-04-14,1805.43,180.54,180.54
68022d08368397a2391d408c,2025-04-17,195.28,19.53,19.53
6802304198c77752cfab6c8e,2025-04-15,1149.14,114.91,114.91
68023d88d69d32a5448493f7,2025-04-15,1003.02,100.3,100.3
68023e18d69d32a54484eb30,2025-04-15,638.14,63.81,63.81
68024258bff0d9d96c4c8568,2025-04-15,684.54,68.45,68.45
680242f0f18d2b8e7c6ff5fc,2025-04-16,820.03,82.0,82.0
6806666735189b19986643a3,2025-04-10,1585.81,158.58,158.58
680666a735189b19986643b0,2025-04-15,488.51,48.85,48.85
680666ec2be2f70335bc4748,2025-04-15,606.76,60.68,60.68
6806671a2be2f70335bc4754,2025-04-15,877.99,87.8,87.8
680667482be2f70335bc4761,2025-04-16,509.28,50.93,50.93
680667ac35189b19986643c0,2025-04-10,507.9,50.79,50.79
6806d24f0490951e6ada26d5,2025-04-08,829.03,82.9,82.9
6806d2a9d7e3d70238f84911,2025-04-10,259.63,25.96,25.96
6806d2c70490951e6ada26e3,2025-04-11,505.65,50.56,50.56
6806d2e40490951e6ada26f0,2025-04-15,1701.53,170.15,170.15
6806dc230490951e6ada270c,2025-04-11,691.64,69.16,69.16
6806dc770490951e6ada2718,2025-04-09,875.0,87.5,87.5
6806dce60490951e6ada2724,2025-04-10,512.84,51.28,51.28
6807b595f8ed3cbaf5085f02,2025-04-16,5122.49,512.25,512.25
6807d410dd735a7b827dcb63,2025-04-22,140.56,14.06,14.06
680829022d13ae5f85682974,2025-04-17,2560.48,256.05,256.05
6808ce5a5ec4efc9e2cd516b,2025-04-17,2222.83,222.28,222.28
6808ced05ec4efc9e2cd650d,2025-04-17,474.7,47.47,47.47
6808cf42c2e90bcddf0f444e,2025-04-17,4608.55,460.85,460.85
6808cfc4913458eb37c62812,2025-04-17,166.15,16.62,16.62
6808d0e0fcac5bae0a10c346,2025-04-22,1625.27,162.53,162.53
6808d94ea00ec74c7e229d63,2025-04-17,521.98,52.2,52.2
6808e95a78d1c4960fba3d71,2025-04-11,296.42,29.64,29.64
6808f12378d1c4960fba3da4,2025-04-23,647.23,64.72,64.72
68090af8f094d7695192bdbb,2025-04-10,706.34,70.63,70.63
68099992de9b9452ddda8a39,2025-04-23,600.34,60.03,60.03
680a165e803b2a84033eb92e,2025-04-17,6464.96,646.5,646.5
680a18746f7ce2adacadd976,2025-04-14,8502.89,850.29,850.29
680a29b3409b3532064ace45,2025-04-22,613.92,61.39,61.39
680a2af3bd540cddbe2bdd90,2025-04-22,4983.19,498.32,498.32
680a338f9edd16b3e2289533,2025-04-15,222.07,22.21,22.21
680a53cf4fed0e25e9ec9a78,2025-04-25,37208.37,2765.2,2765.2
680a7cd6ef32b81255276f51,2025-04-10,382.72,38.27,38.27
680a7d194d1e554430ed60b3,2025-04-11,3416.72,341.67,341.67
680b3fb429ef6c2a23417e4c,2025-04-23,7398.13,739.81,739.81
680b4954f7d8710296245ec9,2025-04-23,726.24,72.62,72.62
680b4b1aa81a4b0da6ea3f7e,2025-04-11,631.44,63.14,63.14
680b7732ef32b58a7d3e6e8f,2025-04-14,6277.9,627.79,627.79
680b97be15cae29eeab8d363,2025-04-09,327.36,32.74,32.74
680b989ec16758037ab113c2,2025-04-14,402.96,40.3,40.3
680b9b40c16758037ab113e8,2025-04-17,652.23,65.22,65.22
680b9b6fc16758037ab113f4,2025-04-10,322.92,32.29,32.29
680b9b86c16758037ab11400,2025-04-17,884.05,88.41,88.41
680b9bb1c16758037ab1140e,2025-04-15,2047.25,204.72,204.72
680bd037181e191aa27c8c2e,2025-04-25,1846.59,184.66,184.66
680bd18da38a8e90ba844478,2025-04-25,638.81,63.88,63.88
680f66873f5d4a388e492232,2025-04-25,369.88,36.99,36.99
680f6bda7366e672eec5ddc4,2025-04-23,1855.35,185.53,185.53
680f6c707366e672eec5fc70,2025-04-24,167.3,16.73,16.73
680f6d22b38fac4193897d59,2025-04-24,313.84,31.38,31.38
680f70977796d34196bb790a,2025-04-17,8483.02,848.3,848.3
680f70d77366e672eec6f097,2025-04-17,267.15,26.71,26.71
680f71c50af5922a5fe3b135,2025-05-14,30264.96,-598.37,-598.37
680fc67dbc4c314851dda4f5,2025-04-28,4101.59,410.16,410.16
680fc8e8d1c9fa0916757c9d,2025-04-25,566.35,56.64,56.64
680fdc800f74d439fd5ae20a,2025-04-28,1172.15,117.22,117.22
6810f578e08f85109bf597c4,2025-04-28,11271.43,690.0,690.0
68112012349cb2d9e22fc4b2,2025-04-30,27042.43,1577.0,1577.0
681139d715d2d27142c0d4ea,2025-04-27,148.56,14.86,14.86
681139d915d2d27142c0d4f6,2025-04-27,233.09,23.31,23.31
68113fdb15d2d27142c0d510,2025-04-26,335.65,33.57,33.57
68113fde15d2d27142c0d51c,2025-04-26,630.11,63.01,63.01
681227935974926691b62ce5,2025-04-24,650.64,65.06,65.06
6812285e0ea3f17dc4a61c22,2025-04-28,388.79,38.88,38.88
681228a1533721e4571f46d8,2025-04-29,5366.43,536.64,536.64
681228fe0c4c0708128040c1,2025-04-29,301.58,30.16,30.16
68122971c58e4e81465293be,2025-04-29,2082.38,208.24,208.24
68122b2d348cd42763099188,2025-04-25,3866.77,386.68,386.68
6812580cce78fab6f44a2fb0,2025-04-27,628.79,62.88,62.88
681258a3771de606381e29ae,2025-04-25,2818.18,281.82,281.82
681259229b105dfe6f3d42ef,2025-04-25,729.9,72.99,72.99
68127367d4b6b242bb487075,2025-04-25,537.32,53.73,53.73
68127549b83eff29cc654b18,2025-04-25,359.15,35.92,35.92
681277aed4b6b242bb4870af,2025-04-26,2772.89,277.29,277.29
68152bab78e922306f2b8fee,2025-05-02,1682.34,168.23,168.23
68152fb878e922306f2b9003,2025-05-02,3089.98,309.0,309.0
681533da03621d6f9efdbd89,2025-05-02,8435.87,843.59,843.59
681533dd03621d6f9efdbd9a,2025-05-02,8457.63,845.76,845.76
68186fe8f4c56c2d31908d91,2025-05-08,1334.53,133.45,133.45
681872f989af1baaea8433c0,2025-04-17,3570.06,357.01,357.01
6818741aa37d0ea38e2aea3b,2025-04-28,4665.31,466.53,466.53
68187847a37d0ea38e2cb30b,2025-05-02,2227.33,222.73,222.73
68187b0b4de1057b3700aef1,2025-05-02,3647.77,364.78,364.78
681922a3696bd482ea3a981d,2025-05-05,239.79,23.98,23.98
681a75f3afe0b456e2305228,2025-05-06,2146.64,214.66,214.66
681a75f499e9b081571b7d4a,2025-05-06,5400.53,540.05,540.05
681a75f699e9b081571b7d56,2025-05-06,3856.71,385.67,385.67
681a7ab5afe0b456e230523e,2025-05-06,542.96,54.3,54.3
681a90abafe0b456e230527b,2025-05-07,31195.04,-3877.54,-3877.54
681b4d61f4c3f1a9e90d44c5,2025-05-06,434.1,43.41,43.41
681b4dee04fed121b70157d3,2025-04-30,1860.74,186.07,186.07
681b4f401bacbb167c911b13,2025-05-02,297.99,29.8,29.8
681b4fb98712b05a65bc967b,2025-05-05,271.48,27.15,27.15
681b508094aa1c4e2030445c,2025-05-02,1658.45,165.85,165.85
681b50f504fed121b7029894,2025-05-02,613.38,61.34,61.34
681b527bde07c3be6d5b9731,2025-04-30,940.46,94.05,94.05
681b5320550f4bfdedd9daf2,2025-05-05,378.31,37.83,37.83
681b5436550f4bfdedda80f1,2025-05-02,2016.34,201.63,201.63
681bcbf5c067b37d6128bc33,2025-05-07,1372.61,137.26,137.26
681bce6e4b73047f4fc8dd6b,2025-05-07,281.07,28.11,28.11
681bd07cc067b37d6128bc48,2025-05-07,1337.98,133.8,133.8
681cc3ed6ab7a3ce30b87e3c,2025-05-08,841.84,84.18,84.18
681d0b4a359223c09bfe93d9,2025-05-08,271.88,27.19,27.19
681d0c65359223c09bfe93e8,2025-05-08,172.31,17.23,17.23
681d0f43359223c09bfe9401,2025-05-08,3211.07,321.11,321.11
681d0f45359223c09bfe940d,2025-05-08,1649.38,164.94,164.94
681d0f479f6f4a800499f372,2025-05-08,2448.68,244.87,244.87
681dd0f6359223c09bfe9772,2025-05-08,1577.39,157.74,157.74
681de1c67bdffb86de51079d,2025-05-08,2829.02,282.9,282.9
681de3a6b8ab5f9bd56931a7,2025-05-08,188.93,18.89,18.89
682168216244d4534f5daa2b,2025-05-06,178.51,8.93,8.93
682168a0b2b226d1c4249a0c,2025-05-06,1340.02,134.0,134.0
682169396244d4534f5e1a64,2025-05-06,845.75,84.58,84.58
68216ac2a8cdc2dc7f6b4fc7,2025-05-07,204.95,20.49,20.49
68216b296244d4534f5ea3d0,2025-05-07,227.92,22.79,22.79
68216b80b1d43cd9a1d5ce33,2025-05-07,248.59,24.86,24.86
68216fd6bd6c02683a541db2,2025-05-02,173.86,17.39,17.39
682170de7f265f6a621b565e,2025-05-06,532.81,53.28,53.28
682172878b31958ecd8d7661,2025-05-08,5984.77,299.24,299.24
6821731a4ffdc7744fe9fbfe,2025-05-05,229.68,22.97,22.97
682174bbb1d43cd9a1d7fb5e,2025-05-07,244.28,24.43,24.43
682175bc4ffdc7744fea991a,2025-04-25,1640.48,164.05,164.05
682176d27f265f6a621d0f6e,2025-05-09,2501.77,250.18,250.18
68217784bd6c02683a569453,2025-05-08,2801.41,280.14,280.14
68217ee2a8cdc2dc7f6f8673,2025-04-28,611.99,61.2,61.2
682182a26244d4534f6513ab,2025-05-04,561.56,56.16,56.16
682183357f265f6a62204eb5,2025-05-02,3498.75,349.88,349.88
682183f6bd6c02683a59ffe5,2025-05-08,2008.26,200.83,200.83
682184b1b1d43cd9a1db1a11,2025-05-08,357.86,17.89,17.89
6821863c6244d4534f65e593,2025-05-07,1902.34,95.12,95.12
682187434ffdc7744fee2d99,2025-05-07,252.11,12.61,12.61
6821f341d4d1dcedf8b2516d,2025-05-09,1096.8,109.68,109.68
68225bc7835e4ebb08da0c6a,2025-05-12,2656.99,265.7,265.7
68238d3e1a29c5874bbd6228,2025-05-13,3556.54,355.65,355.65
6824900d92a4e61f4ed644c2,2025-05-12,1933.57,193.36,193.36
682490a8048fd2cc0c80a5f0,2025-05-12,3086.01,154.3,154.3
6824916bcf72679d39bc348c,2025-05-09,1765.37,176.54,176.54
6824938aac19af38c3ba3e00,2025-05-09,578.06,57.81,57.81
682494ae9a0f0f6479a3bd80,2025-05-12,265.71,26.57,26.57
682495819a0f0f6479a3ea95,2025-05-09,669.36,66.94,66.94
68249725ab145ea2ff44ccbd,2025-05-07,299.47,29.95,29.95
6824981282be808df5c9ebb9,2025-05-12,5927.56,592.76,592.76
6824989bac19af38c3bb6e1a,2025-05-12,921.95,92.2,92.2
68249e33819754eb34a4e9e2,2025-05-09,233.57,23.36,23.36
6824aeee82be808df5d30a2e,2025-05-13,2526.43,126.32,126.32
6824af9dab145ea2ff4bf314,2025-05-09,154.62,15.46,15.46
6824afe25c804d2650bb142f,2025-05-12,6435.4,643.54,643.54
6824b076c4691fe3fdcc8959,2025-05-12,376.8,37.68,37.68
6824b0e1ab145ea2ff4c6590,2025-05-12,818.14,81.81,81.81
6824b1d8ac19af38c3c291c3,2025-05-12,382.69,38.27,38.27
6824b1ddcf72679d39c7bd1b,2025-05-12,1473.27,147.33,147.33
6824b232819754eb34adced2,2025-05-12,665.84,66.58,66.58
6824d47f125a07917cb7a81e,2025-05-13,1351.31,135.13,135.13
6825cddf2388b119b547f93e,2025-05-09,2316.14,231.61,231.61
6825ce018ee304ab9d12f87b,2025-05-14,902.28,90.23,90.23
6825ce892388b119b547f974,2025-05-12,1693.08,169.31,169.31
6825f78040514df2fe234194,2025-05-12,596.7,29.84,29.84
6825f96a0fce7aca81ad4330,2025-05-12,1906.12,190.61,190.61
6825fa50c193cd372175aebc,2025-05-09,593.67,59.37,59.37
6825faffcdd4600590a31283,2025-05-12,251.06,25.11,25.11
6825fc41b110e6ea76cdc5e3,2025-05-13,241.37,24.14,24.14
6825fc746b4b1b3fee79c924,2025-05-12,1550.7,155.07,155.07
682635538ee304ab9d12fa3f,2025-05-19,10771.93,-430.88,-430.88
682653018ee304ab9d12fa81,2025-05-15,452.39,45.24,45.24
6827bc4d5699963365a3aac1,2025-05-13,11271.43,96.0,96.0
682a930d5699963365a3ac6e,2025-05-19,29406.15,-2215.1,-2215.1
682b19115699963365a3aff6,2025-05-21,27983.33,-2285.12,-2285.12
682b5c8f50d493db0aca8fcd,2025-05-09,1466.05,73.3,73.3
682b5ccb9844bba634a873ff,2025-04-24,1409.11,140.91,140.91
682b85cc204b6aadb4660ce9,2025-05-14,326.02,32.6,32.6
682b861afc70b3027e65626c,2025-05-13,3618.37,361.84,361.84
682b885a8872915e7647e9e1,2025-05-09,207.73,20.77,20.77
682b885f88bcd532c538b6a3,2025-05-13,1822.5,182.25,182.25
682b88d23eec7f326bb605b0,2025-05-12,573.85,57.39,57.39
682b88ec31e24807e3eed8ec,2025-05-13,2123.36,106.17,106.17
682b8b124e2261adbe5629be,2025-05-15,1912.7,191.27,191.27
682b8be88872915e7648d63c,2025-05-01,621.49,62.15,62.15
682b8bfd204b6aadb467b0af,2025-05-08,1430.65,71.53,71.53
682b8c068e123d136d24a96d,2025-05-13,811.5,81.15,81.15
682b913e4e2261adbe575cf2,2025-05-13,773.1,77.31,77.31
682b91ba31e24807e3f0f781,2025-05-15,443.71,44.37,44.37
682b91d53eec7f326bb7af71,2025-05-15,2506.58,250.66,250.66
682b933e8872915e764a953b,2025-05-15,3166.5,316.65,316.65
682b94db126f9499130a1fda,2025-05-12,234.63,23.46,23.46
682b973e88bcd532c53ca509,2025-05-15,7972.18,797.22,797.22
682b99dc4e2261adbe5b3b6f,2025-05-15,3011.6,301.16,301.16
682b9b8688bcd532c53f992e,2025-05-13,1302.3,130.23,130.23
682b9c85e2414d9c750f5c03,2025-05-12,940.18,94.02,94.02
682ba1168872915e7651e4a7,2025-05-12,530.04,53.0,53.0
682c30ed98da30930d9cdbc6,2025-05-15,447.77,44.78,44.78
682c31c2126f9499133e90e9,2025-05-15,443.71,44.37,44.37
682c322edc982227b95dffd9,2025-05-13,261.51,26.15,26.15
682c32d1188bacf0fd4cfe5e,2025-05-15,804.04,40.2,40.2
682c35e5188bacf0fd4e0b25,2025-05-12,1651.57,165.16,165.16
682c365d225551053e5306ee,2025-05-16,195.22,19.52,19.52
682c36f5126f94991340bf14,2025-05-12,2441.77,244.18,244.18
682c3760225551053e536b81,2025-05-08,588.13,29.41,29.41
682c37bddc982227b960227b,2025-05-08,2353.18,117.66,117.66
682c38f1fc70b3027e9cc9f8,2025-05-12,576.96,57.7,57.7
682cbeb76126ef7a9d0e5f59,2025-05-27,37645.04,-4224.27,-4224.27
682ce3b3be33fd53f635c4f6,2025-05-19,272.92,27.29,27.29
682ce5ed40bf0685875ddcbd,2025-05-17,400.88,40.09,40.09
682ce5efbe33fd53f635c507,2025-05-17,847.42,84.74,84.74
682f24743eb2a63d5b54804b,2025-05-21,515.55,51.55,51.55
682f24c23eb2a63d5b548059,2025-05-21,781.96,78.2,78.2
682f24f63eb2a63d5b548067,2025-05-21,436.51,43.65,43.65
682f25343eb2a63d5b548074,2025-05-21,354.86,35.49,35.49
682f4b7920402de75d4f08e6,2025-05-16,1567.42,78.37,78.37
682f4d96441ccf26e00e049d,2025-05-15,340.74,34.07,34.07
682f4df2d091cbea0cb4acd8,2025-04-23,377.28,37.73,37.73
682f4e650d521cf7e7de8e75,2025-04-29,634.28,63.43,63.43
682f4ee420402de75d4fcde4,2025-05-20,365.42,36.54,36.54
682f4f95441ccf26e00e9168,2025-05-20,865.6,86.56,86.56
682f56b73e5669fd86320683,2025-05-22,431.04,43.1,43.1
682f58df5cf8519b0f82411a,,2045.5,102.28,102.28
682f5a895cf8519b0f824134,,4276.46,427.65,427.65
6830342d5b5347cf9664e1ed,2025-05-15,2250.44,225.04,225.04
683034d69e465f6efcfdab43,2025-05-16,7650.2,382.51,382.51
683035319e465f6efcfdce8d,2025-05-20,4767.97,476.8,476.8
683049e09e465f6efc05aef4,2025-05-21,1686.07,168.61,168.61
68304a63132d7bf01811ea45,2025-05-21,2992.96,299.3,299.3
68304be3526e8f966400452c,2025-05-21,476.01,23.8,23.8
68304c6baf1bc433e08dd31c,2025-05-14,195.05,19.51,19.51
68305a949e465f6efc0beee9,2025-05-14,1899.83,189.98,189.98
68305b49526e8f9664044ab9,2025-05-15,2042.55,204.25,204.25
68305b74af1bc433e093a4aa,2025-05-16,540.64,54.06,54.06
68305bda526e8f9664047dd1,2025-05-16,289.94,28.99,28.99
68305db7a3f1c97a32297b40,2025-05-20,494.58,49.46,49.46
68305e4d873ac553d8901c2d,2025-05-09,285.34,14.27,14.27
68305ecfa3f1c97a3229a50d,2025-05-15,2890.11,289.01,289.01
68305f51a3f1c97a3229bcc8,2025-05-16,598.01,59.8,59.8
68305fcd9e465f6efc0d893b,2025-05-20,427.81,42.78,42.78
68306046a8883e651ca9380a,2025-05-14,2750.26,137.51,137.51
683065f4a8883e651caaadca,2025-05-14,257.84,25.78,25.78
683066839e465f6efc100018,2025-05-16,583.04,58.3,58.3
6830671daf1bc433e097f4ad,2025-05-16,2267.63,226.76,226.76
683067646072d4ba1d9148c6,2025-05-19,373.58,37.36,37.36
683067da6072d4ba1d9173fd,2025-05-21,1766.78,176.68,176.68
683068455b5347cf96789fda,2025-05-05,3009.08,300.91,300.91
683068a8132d7bf01819531e,2025-05-21,240.09,24.01,24.01
68306910a8883e651cab92de,2025-05-09,340.95,34.09,34.09
6830697fa8883e651cabad27,2025-05-20,1822.71,182.27,182.27
68306ad69e465f6efc1189f9,2025-05-21,2569.26,256.93,256.93
68306bf0526e8f966408bdfc,2025-05-19,2392.16,239.22,239.22
68306e6da8883e651cacf052,2025-05-20,485.82,48.58,48.58
68306eef5b5347cf967b13f3,2025-05-21,2515.07,251.51,251.51
6830caac14601207bc6f52c4,2025-05-23,809.79,80.98,80.98
68341547e7363fefa6980ff6,2025-05-23,438.49,21.92,21.92
683415b1ebb6de221bcbec68,2025-05-23,575.4,57.54,57.54
68341a15126683c73fd74124,2025-05-23,9155.86,915.59,915.59
68341c5e3b29eebca4514bea,2025-05-16,248.76,24.88,24.88
68341daf25f493cec27996b0,2025-05-22,166.17,8.31,8.31
6834ba74deab0f24ab079276,2025-05-26,12736.95,-1178.78,-1178.78
6835bd48344739337b7b8078,2025-05-26,2760.84,276.08,276.08
6835d08f0af71c93a2f12aa6,2025-05-26,5347.77,534.78,534.78
6835fbe350f8d973e2f0a50d,2025-05-27,1370.34,137.03,137.03
6835fd80d3e8752de5592e05,2025-05-27,2233.74,223.37,223.37
6836c60ebbad2b945a816785,2025-05-23,5059.7,505.97,505.97
6836c8ebbbad2b945a83b225,2025-05-26,584.07,58.41,58.41
6836c9fcb45ffcda536e824e,2025-05-26,346.67,34.67,34.67
6836cc40f2c8c8e4e8138d99,2025-05-23,1637.17,163.72,163.72
6836dbe4afb17beef24e2d30,2025-05-27,2595.47,259.55,259.55
6836dc49f2c8c8e4e818a7d6,2025-05-26,1379.86,137.99,137.99
683760640f1a3362adfcae27,2025-05-28,1867.26,186.73,186.73
68384a60913c0ecccfed04df,2025-05-27,770.24,77.02,77.02
6838d18c17805cbf42b99c58,2025-05-28,448.68,44.87,44.87
68394d4afc4d57741a7c448f,2025-05-22,665.5,66.55,66.55
68394dbe357006130979e112,2025-05-28,4732.26,,
68395028fd19012569a4a82a,2025-05-27,270.85,27.08,27.08
68395137c28ac06fe4efc95b,2025-05-27,276.64,27.66,27.66
683951befd19012569a5ea67,2025-05-27,446.83,44.68,44.68
683952c235700613097e2d9e,2025-05-26,352.99,35.3,35.3
683955d474d9d4ab97a1fbd9,2025-05-28,1375.49,137.55,137.55
68395661fc4d57741a84b323,2025-05-28,4341.58,434.16,434.16
683957963570061309821f23,2025-05-28,1189.81,118.98,118.98
683958c3e89c54963c317943,2025-05-24,477.27,47.73,47.73
68395c90fc4d57741a8a76ff,2025-05-29,204.55,20.45,20.45
68395edafc4d57741a8c2c17,2025-05-29,3868.64,386.86,386.86
683960ec78ba761adeebfd9b,2025-05-29,289.91,28.99,28.99
683962819b319d9974d442ad,2025-05-29,1520.99,152.1,152.1
683962dc19bdaaac832ef367,2025-05-29,1668.46,,
6839659f78ba761adeed3795,2025-05-29,5315.41,531.54,531.54
68396664fd19012569b25037,2025-05-29,536.16,53.62,53.62
6839676274d9d4ab97ad949b,2025-05-27,263.98,26.4,26.4
683967e278ba761adeedc911,2025-05-29,144.42,14.44,14.44
68396a10fc4d57741a90637d,2025-05-19,497.35,49.73,49.73
68396a6a9b319d9974d6ffbb,2025-05-19,1225.7,122.57,122.57
683993da651dfa84c81311d0,2025-05-29,44511.52,-4123.97,-4123.97
683a049dbd9661239a654fe1,2025-05-30,1534.27,153.43,153.43
683a0ea2651dfa84c81313d0,2025-05-30,4279.57,427.96,427.96
683a0ea8bd9661239a655013,2025-05-30,1574.52,157.45,157.45
683d59cd3570061309dac293,2025-05-30,212.17,,
683df70ff402f389e80e15e5,,4611.64,,
683f028d7933a6db28824289,2025-06-02,445.03,44.5,44.5
683f4d687933a6db288243e9,2025-06-03,6178.97,617.9,617.9
683f56bf7933a6db28824408,2025-06-06,76408.53,2429.44,2429.44
68400148382e75f456c95554,2025-06-02,945.1,,
6840030bad09c7951d123910,2025-05-28,3813.75,381.37,381.37
6840037be44843f6fef2d21d,2025-06-02,201.11,20.11,20.11
684004e5ad09c7951d12e178,2025-05-30,1431.75,143.17,143.17
684005ac04082f409f024b4c,2025-06-02,3986.49,398.65,398.65
684018d93322b884d2455e03,2025-06-02,525.31,52.53,52.53
684019ed3af280e7e1c43736,2025-05-29,1662.07,166.21,166.21
68401b50ad09c7951d196797,2025-06-02,1485.04,148.5,148.5
68401bc2ad09c7951d1988ab,2025-06-02,866.78,86.68,86.68
68401e01690f00a8e4df55ac,2025-06-02,1364.96,136.5,136.5
68402937ad09c7951d1c4d53,2025-05-30,4029.41,402.94,402.94
68402a3eb14a57cf24073948,2025-06-02,2240.81,224.08,224.08
68402ba1d44faa59b76e53d5,2025-06-02,498.94,49.89,49.89
68402cbf3322b884d24b02e4,2025-06-02,711.82,71.18,71.18
68402daa3af280e7e1c865e4,2025-05-30,9422.15,942.22,942.22
68402fc267c88980f9af75e2,2025-06-03,1836.68,183.67,183.67
6840305e3322b884d24bd0c4,2025-06-02,2219.9,221.99,221.99
684030d8382e75f456d6e898,2025-06-03,550.49,,
684045673322b884d25229e9,2025-05-16,294.16,29.42,29.42
6840466f04082f409f1318f4,2025-06-02,535.59,53.56,53.56
6840472ba4d45b8a03a2c0f7,2025-05-16,1320.42,132.04,132.04
68404d497933a6db2882499e,2025-06-03,4478.0,447.8,447.8
684094b27933a6db28824af3,2025-06-04,2601.05,260.1,260.1
6840952fa4d45b8a03a2c291,2025-06-04,778.37,77.84,77.84
68414a7d690f00a8e43def02,2025-06-03,2874.25,287.42,287.42
6841ed0d127c422b7471a161,,3430.44,,
6841f232b4d67eca1cd65b3b,,3364.65,,
6841f5d3127c422b7471a18f,2025-05-29,356.77,35.68,35.68
6841f7d9127c422b7471a1a6,2025-06-05,1356.38,135.64,135.64
6841fa54127c422b7471a1b7,,645.39,,
6841fbaf127c422b7471a1ca,2025-06-05,716.67,71.67,71.67
68421e6c127c422b7471a1ee,2025-06-11,17864.84,-184.02,-184.02
6842923e84960546832e6529,2025-04-22,684.34,68.43,68.43
68430eabb348c7f441c3ebfc,2025-06-11,15067.07,1250.0,1250.0
684337d5725dd94cf674512f,2025-06-06,754.88,75.49,75.49
684337d7725dd94cf674513b,2025-06-06,1587.92,158.79,158.79
684338357330e6e835504410,2025-06-11,1620.6,162.06,162.06
6843396a7330e6e835504439,2025-06-05,235.85,23.58,23.58
6846c26f2decfdef1ec95e6b,2025-05-20,1120.08,112.01,112.01
6846ddfd296026611515190b,2025-06-04,1699.36,169.94,169.94
6846e303223c457ec0377a33,2025-06-04,762.57,76.26,76.26
6846e74323e9ab8f7722c9cc,2025-06-05,3353.11,335.31,335.31
6846e9572960266115185644,2025-06-04,7900.13,790.01,790.01
6846ea662decfdef1ed1e8ec,2025-06-04,951.32,95.13,95.13
6846eb842decfdef1ed23b3c,2025-06-04,598.8,59.88,59.88
6846ec5823e9ab8f772413fd,2025-05-23,1590.62,159.06,159.06
6847480b5463b5bd0a992161,2025-06-09,9881.05,988.1,988.1
68485e4c5463b5bd0a992836,2025-06-12,11999.56,993.15,993.15
68486ccb5463b5bd0a99286a,2025-06-06,4499.58,449.96,449.96
68487cc706f123c6aee11638,2025-06-10,2631.12,263.11,263.11
68487fbd5463b5bd0a9928a8,2025-06-10,2108.33,210.83,210.83
6849741e38037bcf0a2627d9,,735.25,73.53,73.53
684975451b87ca8b063cb221,2025-06-09,2293.44,229.34,229.34
6849763ad936404283d224ed,2025-06-04,6745.92,674.59,674.59
68497c41d936404283d41523,2025-06-09,408.53,40.85,40.85
68497e28d936404283d4c2ad,2025-05-23,564.96,56.5,56.5
68497ee081446524eeac71b8,2025-05-30,3063.88,306.39,306.39
68497fb480bef86fd3dd8683,2025-05-30,2718.16,271.82,271.82
6849803e94aed755f7937b1f,2025-06-09,3034.52,303.45,303.45
684980bc81446524eeaccb17,2025-06-09,3376.44,337.64,337.64
6849834f38037bcf0a2628a4,2025-06-10,2125.9,212.59,212.59
68498377c8d5614e51c1d80c,,3483.97,348.4,348.4
684987df3dda6cedbc291170,2025-05-29,174.96,17.5,17.5
68498905683f7e2c1ccb20bf,2025-05-26,4079.66,407.97,407.97
684989c53dda6cedbc296aef,2025-06-06,702.28,70.23,70.23
68498f06380f8bc708692bcd,2025-05-30,3363.18,336.32,336.32
68498fc83dda6cedbc2ad1a5,2025-05-30,3148.94,314.89,314.89
68499066bdb125a7c6351719,2025-06-06,2313.25,231.33,231.33
684992b4d8faee61f07aa665,2025-06-05,799.44,79.94,79.94
684995db377ef6d75c497d9e,2025-06-10,575.18,57.52,57.52
6849df0cb3b046672a4c93ce,2025-06-11,631.78,63.18,63.18
6849e217b3b046672a4c93e3,2025-06-18,23651.51,2617.12,2617.12
6849eb47cafd6c50cc380ade,2025-06-11,412.23,41.22,41.22
6849ec55b3b046672a4c941a,2025-06-17,83183.3,60.0,60.0
6849edddcafd6c50cc380af5,2025-06-11,208.63,20.86,20.86
6849f052cafd6c50cc380b09,2025-06-11,1335.61,133.56,133.56
684b02c5009d799129a998bf,2025-06-13,108528.88,7650.0,7650.0
684b0fe8009d799129a998e2,2025-06-12,6527.83,652.78,652.78
684b9ef0882fe9391b8e81d0,2025-06-13,24368.23,582.0,582.0
684c60ed009d799129a99cd7,2025-06-16,70936.37,-3800.87,-3800.87
684c71ecfc605fd84c3416f7,2025-06-13,9905.36,990.54,990.54
685004d31a746cd919b883a1,2025-06-13,9909.47,990.95,990.95
685031cc842789cf5b586225,2025-06-10,1269.84,126.98,126.98
6850324b93c9b96ac39b7638,2025-06-06,623.28,62.33,62.33
685035ed627698784adab7ad,2025-06-09,469.42,46.94,46.94
685036450b16db714015fcb4,2025-06-09,2667.92,266.79,266.79
685036b9760d5b888da66846,2025-06-09,289.21,28.92,28.92
68503742627698784adb4d3b,2025-06-10,1092.52,109.25,109.25
685037eb0b16db714016ec07,2025-06-09,407.55,40.76,40.76
6850382493c9b96ac39e534c,2025-06-09,248.85,24.89,24.89
685038c0d4fb4a2d7f185c8d,2025-06-03,3182.65,318.26,318.26
685043c10b16db71401b829f,2025-06-11,1495.05,149.51,149.51
685044b2be543f9ddbf1d84a,2025-06-11,3030.54,303.05,303.05
685045163d7c3c7d67e2d4f4,2025-06-11,573.02,57.3,57.3
6850469b93c9b96ac3a3b20f,2025-06-11,3634.49,363.45,363.45
68504779949838111cdcdc78,2025-06-11,4997.6,499.76,499.76
68504f6f760d5b888db06c26,2025-06-10,1354.84,135.48,135.48
6850501f05ef56df7d10c15e,2025-06-10,588.13,58.81,58.81
6850514f627698784ae33566,2025-06-09,3026.82,302.68,302.68
6850519d3d7c3c7d67e699be,,543.06,54.31,54.31
6850521bd4fb4a2d7f200c9a,2025-06-11,5884.24,588.42,588.42
68505284627698784ae3a58d,2025-06-09,1398.78,139.88,139.88
685115d3d4fb4a2d7f53cbff,2025-06-11,495.51,49.55,49.55
68511c843d7c3c7d671aa2ca,2025-06-12,2750.21,275.02,275.02
68512073949838111c13afa5,2025-06-13,1451.55,145.16,145.16
6851227d0b16db7140693e65,2025-06-13,2205.05,220.51,220.51
6851231093c9b96ac3ee12e1,2025-06-13,5764.04,576.4,576.4
6851251593c9b96ac3eec97f,2025-06-13,2398.19,239.82,239.82
685128942bc52d6f9ced6586,2025-06-13,674.1,67.41,67.41
68512df66158562c2109a239,2025-06-16,5775.06,577.51,577.51
6851a535c205edb8e9f16775,2025-06-17,658.29,65.83,65.83
6852a7dc77fba8afc4a54a1a,2025-06-17,1077.7,107.77,107.77
6852a857d9d8d39cb512c252,2025-06-12,828.06,82.81,82.81
6852a8a1b45c877a3fbf7bd6,2025-06-16,3062.73,306.27,306.27
6852a90dbcc27dbd2a1b26c7,2025-06-17,187.39,18.74,18.74
6852a9ffb45c877a3fbfc52f,2025-06-17,2832.85,283.29,283.29
6852aa89c0519dbf5675337b,2025-06-13,1103.87,110.39,110.39
6852ab714b7975b17223b103,2025-06-17,1009.51,100.95,100.95
6852abbd22cf7ca9db034f97,2025-06-17,1472.07,147.21,147.21
6852ac5dbcc27dbd2a1c00ea,2025-06-17,3936.69,393.67,393.67
685305f881fd290f73c1e3d4,,593.81,59.38,59.38
6855306ff770203684bb1da9,2025-06-18,1781.8,178.18,178.18
685531883ce5c5aa6991e120,2025-06-18,3098.87,309.89,309.89
685531e7f770203684bb8f8a,2025-06-18,1363.57,136.36,136.36
6855324adfcd3c00323d7f4e,2025-06-12,274.1,27.41,27.41
685532bfb85864c455b83fe4,2025-06-18,2120.94,212.09,212.09
685534c8dfcd3c00323e3fb3,2025-06-04,839.15,83.92,83.92
67900498cbf322f5bc3cc460,2025-01-21,655.24,16.38,16.38
67d82589c954fc23e3d8bc56,2025-03-10,1552.04,155.20,155.20
67b8f37112b9c436847b87f1,2025-03-11,406.63,0.00,0.00
67d9afd3e0689a2e6e96193b,2025-03-20,33946.67,-1344.23,-1344.23
67e40c7e28d1a6a4fe3449b5,2025-03-27,16279.8,587.16,587.16
67efb46be65a8de26d81c1c2,2025-03-31,588.73,-90.01,-90.01
67eaf0295bcfb75c3737fc5b,2025-03-31,1682.58,168.26,168.26
67e5aa005bc9a00bd7e3017b,2025-04-01,25143.61,-134.40,-134.40
67ec29617f496482d1c8c4b4,2025-04-01,720.21,72.02,72.02
67ec2fd7b55352d20f59613a,2025-04-01,606.62,60.66,60.66
67ec2e11b55352d20f596123,2025-04-01,493.38,49.34,49.34
67ec5693b55352d20f59619f,2025-04-01,614.63,61.46,61.46
67f433ac23b8adf3e6545dce,2025-04-01,188.15,18.82,18.82
67ed5a8070f9995e6f9005a7,2025-04-01,311.46,31.15,31.15
67f7045de462095a8dbc580a,2025-04-09,143.87,14.39,14.39
68127367d4b6b242bb487075,2025-04-29,537.32,53.73,53.73
68113fdb15d2d27142c0d510,2025-04-29,335.65,33.57,33.57
681139d915d2d27142c0d4f6,2025-04-29,233.09,23.31,23.31
681139d715d2d27142c0d4ea,2025-04-29,148.56,14.86,14.86
681277aed4b6b242bb4870af,2025-04-30,2772.89,277.29,277.29
682168216244d4534f5daa2b,2025-05-06,178.51,8.93,8.93
6821863c6244d4534f65e593,2025-05-07,1902.34,95.12,95.12
682187434ffdc7744fee2d99,2025-05-07,252.11,12.61,12.61
682172878b31958ecd8d7661,2025-05-08,5984.77,299.24,299.24
682184b1b1d43cd9a1db1a11,2025-05-08,357.86,17.89,17.89
682490a8048fd2cc0c80a5f0,2025-05-12,3086.01,154.30,154.30
6825f78040514df2fe234194,2025-05-12,596.7,29.84,29.84
6824aeee82be808df5d30a2e,2025-05-13,2526.43,126.32,126.32
6827bc4d5699963365a3aac1,2025-05-13,19328.8,96.00,96.00
685996f20bbbeda539f0324e,2025-06-02,475.6,47.56,47.56
6850519d3d7c3c7d67e699be,2025-06-03,543.06,54.31,54.31
6846ea662decfdef1ed1e8ec,2025-06-04,951.32,95.13,95.13
6859982c73242682e5cc30ed,2025-06-04,359.13,35.91,35.91
68430eabb348c7f441c3ebfc,2025-06-11,15067.07,1250.00,1250.00
684b02c5009d799129a998bf,2025-06-13,108528.88,7650.00,7650.00
685004331a746cd919b88392,2025-06-13,9909.47,990.95,990.95
6859ae137c220eea27cef25f,2025-06-13,2642.03,264.20,264.20
68599e77d39826ace0b992ad,2025-06-18,1383.75,138.38,138.38
68599ac62b3917db974c2259,2025-06-18,835.7,83.57,83.57
68599f2eded35236333f4ff0,2025-06-18,853.55,85.36,85.36
68599fd873242682e5cd9ccb,2025-06-18,616.76,61.68,61.68
685af840f0754a31f77b8d9e,2025-06-19,654.59,65.46,65.46
685e5bd196852ee6ea3cd4c1,2025-06-20,899.1,89.91,89.91
6859a734aecb56d3a3e6f31b,2025-06-20,2452.64,245.26,245.26
6859a1557c220eea27cc8a1e,2025-06-20,1837.84,183.78,183.78
6859b39aded3523633430eb8,2025-06-20,1228.42,122.84,122.84
6859a07c7c220eea27cc5f64,2025-06-20,6000.36,600.04,600.04
6859aa1b2b3917db974f4e25,2025-06-20,801.46,80.15,80.15
6859b9daaecb56d3a3eabf2d,2025-06-20,532.6,53.26,53.26
6859a3f07c220eea27ccfa67,2025-06-20,2726.23,272.62,272.62
6859a29573242682e5ce1a1c,2025-06-20,681.6,68.16,68.16
685aea69488abb3b2ea079c4,2025-06-20,1508.93,150.89,150.89
6855aecb8849dfaf799ed2b3,2025-06-20,491.07,49.11,49.11
685d7e0e890e8dc35108d4ca,2025-06-20,413.11,41.31,41.31
6859af1c7c220eea27cf1eda,2025-06-20,146.45,14.64,14.64
6859bcf2d39826ace0c1d9dd,2025-06-21,1639.75,163.97,163.97
6856bb014edd4565bf09b597,2025-06-21,198.19,19.82,19.82
6859b6c0d39826ace0c0422c,2025-06-22,1451.91,145.19,145.19
685ae5a0603432230b008241,2025-06-22,802.54,80.25,80.25
6859afef5eace087826fffb3,2025-06-23,1836.07,183.61,183.61
685af063488abb3b2ea1f831,2025-06-23,1081.24,108.12,108.12
685af63176afe893dcf3deba,2025-06-23,1468.85,146.89,146.89
685d7add890e8dc35107b69e,2025-06-23,210.38,21.04,21.04
685d80292200fcc39a3ba996,2025-06-23,978.4,97.84,97.84
685d835241ac63cd7afb2aaa,2025-06-23,917.81,91.78,91.78
685aef973f00d89f30b58fed,2025-06-23,813.43,81.34,81.34
685d80af2200fcc39a3bdbef,2025-06-23,578.95,57.89,57.89
6858712c4edd4565bf09b6c1,2025-06-23,4713.71,471.37,471.37
685aecf968e5c4f5504c77a2,2025-06-23,4041.2,404.12,404.12
685d7f5c96852ee6eafa7924,2025-06-23,1315.06,131.51,131.51
685d79452200fcc39a393efa,2025-06-23,5022.47,502.25,502.25
6859765c34d72319772d72e8,2025-06-23,1497.28,149.73,149.73
685d76932200fcc39a3857b2,2025-06-23,555.35,55.54,55.54
68536479e72c2f05c055a77c,2025-06-24,32073.41,1240.00,1240.00
685e3b2dcf827ae29cd40b26,2025-06-24,4378.38,437.84,437.84
685d84a1890e8dc3510b6c06,2025-06-24,1373.05,137.31,137.31
685e402d2200fcc39a731a12,2025-06-24,421.42,42.14,42.14
685e334941ac63cd7a2dc41b,2025-06-24,295.64,29.56,29.56
685adb223295eac34478a2d4,2025-06-24,1689.11,168.91,168.91
685d86e495b08a50174d7b9b,2025-06-24,634.85,63.48,63.48
685e452328837e3bda1c9cfa,2025-06-24,197.38,19.74,19.74
685b180a2202be0a69d9144c,2025-06-24,1045.45,104.55,104.55
685c3e1bb7350d8907c58006,2025-06-25,44065.55,1656.50,1656.50
685e494f890e8dc35158358a,2025-06-25,1278.4,127.84,127.84
685e3cb4cf827ae29cd474fe,2025-06-25,1752.6,175.26,175.26
685e47b82200fcc39a7541c3,2025-06-25,1081.09,108.11,108.11
685e68adcf827ae29ce0f628,2025-06-25,583.64,58.36,58.36
685e471541ac63cd7a334530,2025-06-25,354.55,35.45,35.45
685c51207c6e6a0b2d30f040,2025-06-25,2205.08,220.51,220.51
685e8a40313582bf8731d77f,2025-06-25,265.31,26.53,26.53
685e4ae0cf827ae29cd90c33,2025-06-26,505.28,50.53,50.53
685e4a652200fcc39a7609e5,2025-06-26,429.04,42.90,42.90
685e8b3397ec2b25ca9cbcb6,2025-06-26,1277.45,127.75,127.75
685e4b1628837e3bda1f551d,2025-06-26,439.27,43.93,43.93
685e5a4228837e3bda242bdb,2025-06-26,3366.36,336.64,336.64
685e5af4890e8dc3515d1666,2025-06-26,487.11,48.71,48.71
685e4b8e9c72600061537baf,2025-06-26,302.72,30.27,30.27
685e8fe8ceb9cdda596dbbfc,2025-06-26,767.91,76.79,76.79
685e4cb09c7260006153cfff,2025-06-26,759.31,75.93,75.93
685e4c23890e8dc351590990,2025-06-26,650.99,65.10,65.10
685daa190aeb1df14ebb4883,2025-06-27,47901.46,1365.00,1365.00
684c6213fc605fd84c3416ca,2025-06-27,145439.15,-9905.05,-9905.05
685c0b86d584cc4a3e6537bf,,360.3,36.03,36.03
685da7c9be75bc81a804222f,,479.52,47.95,47.95
685d991900ed0c6ddb26ae41,,63.17,6.32,6.32
685efe12a805c44d42986905,,606.7,60.67,60.67
68627c49fb81d0755eed92dd,2025-06-27,4780.04,478.00,478.00
6862740c90979c8d89f6a85b,2025-06-27,2701.63,270.16,270.16
6862812969c27e266124a50e,2025-06-27,1696.55,84.83,84.83
686274f245ac950593cf6163,2025-06-27,7301.82,365.09,365.09
686279850c74107a60bcce3b,2025-06-27,655.47,65.55,65.55
685efe12a805c44d42986905,2025-06-27,3324.09,332.41,332.41
686273090c74107a60bb0593,2025-06-27,610.49,30.52,30.52
68627dbda19abcb8a87d1317,2025-06-27,398.54,39.85,39.85
68627e415ea02a621d71c90f,2025-06-27,2688.51,134.43,134.43
68627d625ea02a621d719a04,2025-06-27,779.93,77.99,77.99
68627ed269c27e2661242c3c,2025-06-27,4119.96,206.00,206.00
6863d023329f20edfbfe6cda,2025-06-27,3338.41,333.84,333.84
685f0406a805c44d42986923,2025-06-27,9501.94,475.10,475.10
6863b868a92a772bbb11a8fb,2025-06-27,1471.8,147.18,147.18
6863b81286862883abd2dd71,2025-06-27,2486.4,248.64,248.64
6865617eee34cf56af2d8d2b,2025-06-27,6817.61,0.00,0.00
6863bb74a23bd637dbf3f20e,2025-06-27,273.77,27.38,27.38
685ede58574667fb52b6fbbc,2025-06-27,5024.82,251.24,251.24
6863b6b1329f20edfbf8d831,2025-06-27,3472.51,173.63,173.63
6862bd1f7131ebe6715ad2c8,2025-06-28,3641.22,182.06,182.06
6863cf7cee51eab9e0646365,2025-06-28,593.94,29.70,29.70
685c13041ed875ecd9188f7b,2025-06-30,22105.38,1019.90,1019.90
6863c18b329f20edfbfb7b4a,2025-06-30,1634.22,163.42,163.42
6863cf1ca23bd637dbf9e223,2025-06-30,2059.37,102.97,102.97
686673608e5b9ec09a4ebd81,2025-06-30,1584.53,158.45,158.45
6862f30c57df93b794c5cc6c,2025-06-30,1450.99,145.10,145.10
6862f562400cdbcd531f2597,2025-06-30,1223.43,61.17,61.17
6863b8ce86862883abd33736,2025-06-30,531.51,53.15,53.15
6863c1e0f06ccf2b10ec2ca5,2025-06-30,666.58,66.66,66.66
6863b91f329f20edfbf978cc,2025-06-30,667.02,33.35,33.35
6863c72fa23bd637dbf74c79,2025-06-30,1294.03,64.70,64.70
6863d086f06ccf2b10ef0d6b,2025-06-30,678.1,33.90,33.90
6862f22f400cdbcd531f257e,2025-06-30,573.8,57.38,57.38
6866732bee34cf56af67c5e5,2025-06-30,480.11,48.01,48.01
6862ea70abc26812822b1a43,2025-06-30,392.98,39.30,39.30
6862d2990b9fa2f9a7cf52de,2025-06-30,1758.59,175.86,175.86
68504779949838111cdcdc78,2025-06-11,4997.6,249.88,249.88
6852a7dc77fba8afc4a54a1a,2025-06-17,1077.7,53.89,53.89
685aea69488abb3b2ea079c4,2025-06-20,1508.93,75.45,75.45
685d835241ac63cd7afb2aaa,2025-06-23,917.81,45.89,45.89
6858712c4edd4565bf09b6c1,2025-06-23,4713.71,235.69,235.69
685d76932200fcc39a3857b2,2025-06-23,555.35,55.54,55.54
685e9202ceb9cdda596e7301,2025-06-25,991.56,99.16,99.16
6862803dfb81d0755eee459e,2025-06-26,418.69,41.87,41.87
685e5a4228837e3bda242bdb,2025-06-26,3366.36,168.32,168.32
685e92bb89f587a1a01dfb08,2025-06-26,919.42,91.94,91.94
685da7c9be75bc81a804222f,2025-06-26,2643.44,132.17,132.17
685e4cb09c7260006153cfff,2025-06-26,759.31,37.97,37.97
685e4c23890e8dc351590990,2025-06-26,650.99,32.55,32.55
6862812969c27e266124a50e,2025-06-27,1696.55,84.83,84.83
686279850c74107a60bcce3b,2025-06-27,655.47,65.55,65.55
6865617eee34cf56af2d8d2b,2025-06-27,6817.61,0.00,0.00
685c13041ed875ecd9188f7b,2025-06-30,22105.38,1019.90,1019.90
686670255179d69a007a4058,2025-07-01,899.28,89.93,89.93
68669c5b359c99f83f4ebd68,2025-07-01,607.41,60.74,60.74
68641a5f6cc9ab5e7ea6ce09,2025-07-01,4083.02,408.30,408.30
686676f54bf8f9dbb312c86d,2025-07-01,9823.15,982.32,982.32
6863bb44329f20edfbf9fdc9,2025-07-01,2782.13,278.21,278.21
686680685179d69a007c5f7e,2025-07-01,2359.11,235.91,235.91
6867d0c9abbb89dc5c461be5,2025-07-02,680.25,68.03,68.03
6867d00dd4c4148e345b9ba4,2025-07-02,206.09,30.91,30.91
6836c60ebbad2b945a816785,2025-05-23,5059.7,252.99,252.99
6846ec5823e9ab8f772413fd,2025-05-23,1590.62,79.53,79.53
68384a60913c0ecccfed04df,2025-05-27,770.24,38.51,38.51
6836dbe4afb17beef24e2d30,2025-05-27,2595.47,129.77,129.77
68402daa3af280e7e1c865e4,2025-05-30,9422.15,471.11,471.11
68402a3eb14a57cf24073948,2025-06-02,2240.81,112.04,112.04
686b86d7fca6093ab4cec91d,2025-07-01,383.65,38.37,38.37
68642592f03c380f508b25b4,2025-07-01,559.64,55.96,55.96
686b8f7709e14b0a7d420f76,2025-07-01,1601.23,160.12,160.12
686b9eba6feb59b5fe9317ae,2025-07-02,1308.01,130.80,130.80
686b9f1109e14b0a7d4375dc,2025-07-02,2400.31,240.03,240.03
686b9de66feb59b5fe930235,2025-07-02,1662.35,166.23,166.23
686ba580de282d6a91e9c916,2025-07-02,5642.95,564.29,564.29
6866cc47dcf9c97a38cd745d,2025-07-02,4602.18,690.33,690.33
686ba302d9a0cc1144b3fe18,2025-07-02,9092.67,1363.90,1363.90
686d1732861af6928969cabd,2025-07-03,979.01,97.90,97.90
686b9e3309e14b0a7d43678b,2025-07-03,2613.82,261.38,261.38
686b9fc36feb59b5fe932c3f,2025-07-03,486.22,48.62,48.62
686ba4586feb59b5fe93736e,2025-07-03,1677.66,167.77,167.77
686d15636246e135893794df,2025-07-03,2471.66,370.75,370.75
686e0ea4d7b925ed5b654f9f,2025-07-03,3519.2,527.88,527.88
686b936009e14b0a7d426216,2025-07-03,1883.6,282.54,282.54
686ba7480d60d99ed9cd5b83,2025-07-03,2625.32,393.80,393.80
6870cf229772cfb4a091984c,2025-07-03,2445.48,366.82,366.82
686d16cc6246e1358937b7de,2025-07-04,1855.08,185.51,185.51
686b92ee09e14b0a7d425b75,2025-07-04,2731.45,409.72,409.72
686ba6e30d60d99ed9cd5a03,2025-07-04,927.61,139.14,139.14
686e09a3b71e7a32f191c849,2025-07-04,489.69,73.45,73.45
686b9602d9a0cc1144b2bbf8,2025-07-04,407.34,61.10,61.10
686b909709e14b0a7d422d49,2025-07-04,489.69,73.45,73.45
686d1611c9f5c36fac326981,2025-07-04,3668.85,550.33,550.33
686d10b063074c0d25f0fdfb,2025-07-04,2001.33,300.20,300.20
686d1249d7b925ed5b48628c,2025-07-04,5658.44,848.77,848.77
68629d8f4dc585661cbfcfb6,2025-07-07,30932.36,225.60,225.60
6870c6ae3f708bc27cd15436,2025-07-07,734.11,110.12,110.12
686d1343719745ea3233a272,2025-07-07,1103.55,165.53,165.53
686d0fc3eaba8c0120d582b5,2025-07-07,1066.57,159.99,159.99
686d0eeba0b2a2a3584d8360,2025-07-07,566.74,85.01,85.01
686e0e0c27acec9817ff1dd0,2025-07-07,1356.06,203.41,203.41
686bdcfd34ee6175595adfaf,2025-07-07,450.96,67.64,67.64
686c1c1f2a6dce44a4a4d078,2025-07-07,1270.98,190.65,190.65
686e08beb71e7a32f191ade8,2025-07-07,884.94,132.74,132.74
686d543a52d74a0d51b4bc88,2025-07-07,3521.96,528.29,528.29
6870ce289772cfb4a0917723,2025-07-07,687.78,103.17,103.17
6864737ffa4fbccc937a087a,2025-07-08,17108.26,1280.00,1280.00
6870cb0b80eb5bc21ab1fde5,2025-07-08,432.34,64.85,64.85
686d2611d8637f324bd6c0e6,2025-07-08,294.04,44.11,44.11
686e082b6246e13589527d03,2025-07-08,398.39,59.76,59.76
686e0a1d2e36be3ff37b78dd,2025-07-08,2531.44,379.72,379.72
686e100b27acec9817ff631a,2025-07-08,473.64,71.05,71.05
686e0e652e36be3ff37c09ed,2025-07-08,628.02,94.20,94.20
686e0a8eb71e7a32f191e4e4,2025-07-08,3818.65,572.80,572.80
686e0dac861af6928988ec51,2025-07-08,3091.05,463.66,463.66
6870cffd3f708bc27cd2f8c3,2025-07-08,1801.74,270.26,270.26
6870d4f69b47e8b40cd1f952,2025-07-08,1058.56,158.78,158.78
6870cea53f708bc27cd2c667,2025-07-08,564.87,84.73,84.73
6870d5539833770488d3b8f3,2025-07-08,190.23,28.53,28.53
6870cdeeef25d913903b09b1,2025-07-08,8612.01,1291.80,1291.80
686eb814820f565ec340ae1b,2025-07-09,2072.18,310.83,310.83
6870cbe346c5ddf2f3604114,2025-07-09,189.24,28.39,28.39
6870cce4ef25d913903ae294,2025-07-09,160.82,24.12,24.12
686eccdf21b438241f4e5c92,2025-07-09,1745.62,261.84,261.84
6870cc5f6da45b17918658c6,2025-07-09,382.65,57.40,57.40
686e7f432cb8bb6a54304e12,2025-07-09,2038.09,305.71,305.71
685ea6213e7fc4714509efca,,41394.53,858.00,858.00
6871696405f746b7135d08d7,,4174.72,626.21,626.21
686fda0be994b469b76f259b,,1358.24,203.74,203.74
6878b4dc4b21ad82268c2536,2025-06-02,1618.16,242.72,242.72
6878b49966acf2b7d168c246,2025-06-26,3508.74,526.31,526.31
68641a5f6cc9ab5e7ea6ce09,2025-07-01,4083.02,204.15,204.15
686676f54bf8f9dbb312c86d,2025-07-01,9823.15,491.16,491.16
6874bc9a2b7bdb1df45adf13,2025-07-01,4520.87,226.04,226.04
6863bb44329f20edfbf9fdc9,2025-07-01,2782.13,139.11,139.11
686ba580de282d6a91e9c916,2025-07-02,5642.95,282.15,282.15
6866cc47dcf9c97a38cd745d,2025-07-02,4602.18,460.22,460.22
686b9fc36feb59b5fe932c3f,2025-07-03,486.22,24.31,24.31
687798acedcb705d9019dfb8,2025-07-03,1949.53,194.95,194.95
686d15636246e135893794df,2025-07-03,2471.66,247.17,247.17
6870cf229772cfb4a091984c,2025-07-03,2445.48,244.55,244.55
686d1249d7b925ed5b48628c,2025-07-04,5658.44,565.84,565.84
686d0eeba0b2a2a3584d8360,2025-07-07,566.74,56.67,56.67
6874a4c11ed17edc5545c58f,2025-07-07,3044.14,456.62,456.62
686e0e0c27acec9817ff1dd0,2025-07-07,1356.06,135.61,135.61
6870cdeeef25d913903b09b1,2025-07-08,8612.01,861.20,861.20
686be07dac871f65c6dcdbea,2025-07-09,31766.48,3495.00,3495.00
68716e0205f746b7135d08f3,2025-07-09,428.3,42.83,42.83
6870cbe346c5ddf2f3604114,2025-07-09,189.24,18.92,18.92
6877b202edcb705d901c2bf5,2025-07-09,3901.5,390.15,390.15
6877b09735100baae91b6be2,2025-07-10,3442.35,344.24,344.24
6874a4747376b33b1d434444,2025-07-10,443.82,66.57,66.57
6870c91bef25d913903a6e27,2025-07-10,283.03,42.45,42.45
6870c7fae7b272db01983767,2025-07-10,1157.26,173.59,173.59
6874b7a0188da0c68adfcdc8,2025-07-10,313.86,31.39,31.39
6874b746942a7b49cef0c151,2025-07-10,328.09,49.21,49.21
687151f6ee01a02fdd31bf6d,2025-07-11,382.65,57.40,57.40
6874b8b37376b33b1d459bf4,2025-07-11,1380.12,207.02,207.02
6874b4336da62545ab90f00a,2025-07-11,3085.41,462.81,462.81
6874bb5268f07be2af1e6201,2025-07-11,788.78,118.32,118.32
6874b3897b64b5147b876d9f,2025-07-11,726.4,108.96,108.96
6874b9917376b33b1d45b8e9,2025-07-11,1585.08,237.76,237.76
6874bc0b2b7bdb1df45acd42,2025-07-11,424.48,63.67,63.67
6877b137bfc93d7566e701a4,2025-07-11,216.18,32.43,32.43
6874a68c7b64b5147b85d7f1,2025-07-11,2962.9,444.44,444.44
68714ea7ee01a02fdd31bf4d,2025-07-11,2887.04,433.06,433.06
6877976752f8c3d8503d0c09,2025-07-11,2824.49,423.67,423.67
6877a07bedcb705d901a461a,2025-07-14,497.34,74.60,74.60
6877a0ddedcb705d901a4b08,2025-07-14,394.95,59.24,59.24
687791d27345addc8a840d78,2025-07-14,790.99,118.65,118.65
6877ae5052f8c3d8503e6321,2025-07-14,479.31,71.90,71.90
6877ad1c4239138305a18292,2025-07-14,406.81,61.02,61.02
6877b41738351807b8cc7d3a,2025-07-15,809.44,121.42,121.42
68779469edcb705d90199b54,2025-07-15,1547.47,232.12,232.12
687793e2d88d268a4846cc84,2025-07-15,905.38,135.81,135.81
68779377edcb705d90198aca,2025-07-15,2579.11,386.87,386.87
687794fe7345addc8a845594,2025-07-15,1284.25,192.64,192.64
6877923ecec9c81783cdcb95,2025-07-15,1969.74,295.46,295.46
687790ddedcb705d90195945,2025-07-15,1138.64,170.80,170.80
687791157345addc8a83fdd5,2025-07-15,1778.45,266.77,266.77
68779061bfc93d7566e4ba62,2025-07-15,1460.17,219.03,219.03
6877b3a438351807b8cc6623,2025-07-15,2104.36,315.65,315.65
68750b659f715675be7d3ca7,2025-07-16,40294.34,3152.80,3152.80
6878b26caffbe0eece927ada,2025-07-16,1792.48,268.87,268.87
6878b49db53422d06133fdae,2025-07-16,1267.63,190.14,190.14
6878b346b53422d06133d016,2025-07-16,430.53,64.58,64.58
6878b421b53422d06133ef4f,2025-07-16,309.51,46.43,46.43
6877bbf1fae70effbf1b6061,2025-07-16,1315.79,197.37,197.37
6878b3c466acf2b7d168a599,2025-07-16,1100.39,165.06,165.06
6878b15c66acf2b7d1685028,2025-07-16,2079.48,311.92,311.92
6877f7216788b4379bb296ec,,598.15,89.72,89.72
6877b5e0bcfc056ffbb7465f,,764.78,114.72,114.72
6879419348ff97d546f93211,,3706.61,555.99,555.99
687a52dcf8a416b55c1b2ff0,,496.73,49.67,49.67
687e3f449216c5e7b6cd13f2,2025-07-01,5446.39,816.96,816.96
6870c7fae7b272db01983767,2025-07-10,1157.26,173.59,173.59
687f32e2afbab309392b3e4e,2025-07-14,460.58,69.09,69.09
687e415dfbad594f03045035,2025-07-14,3422.66,342.27,342.27
687e41c60bf29ffacef8103f,2025-07-14,951.42,142.71,142.71
687e41defbad594f030475dc,2025-07-14,182.07,27.31,27.31
687e41d90bf29ffacef81666,2025-07-14,1385.4,207.81,207.81
687e42231b4d6968a81ce01c,2025-07-14,374.09,56.11,56.11
687e42560bf29ffacef819ee,2025-07-14,668.51,100.28,100.28
687e40283aa6854ff7cabdb4,2025-07-15,641.91,96.29,96.29
687e3d9671f8175b0f0d5a41,2025-07-15,196.49,29.47,29.47
687e3e9ffbad594f03041949,2025-07-16,846.99,127.05,127.05
687e40ab71f8175b0f0d89a8,2025-07-16,344.33,51.65,51.65
687e411c1b4d6968a81cbcf5,2025-07-16,824.17,123.63,123.63
687f322ef70adb50f43f1ffd,2025-07-16,545.61,81.84,81.84
687e3a4a3aa6854ff7ca3934,2025-07-16,1081.1,162.16,162.16
687e391c0bf29ffacef7353e,2025-07-17,5657.6,848.64,848.64
687e3afb71f8175b0f0d2a54,2025-07-17,284.32,42.65,42.65
687e3b85378c273d54efc37b,2025-07-17,1588.77,238.32,238.32
687e3c4f0bf29ffacef7800d,2025-07-17,1531.85,229.78,229.78
687f2ff9c7c7e547142be1de,2025-07-18,1001.02,150.15,150.15
687e45060bf29ffacef85da1,2025-07-18,1185.85,177.88,177.88
687f2f90e5f1eb2a4619d43e,2025-07-18,2341.99,351.30,351.30
687e4b480bf29ffacef98f31,2025-07-18,451.67,67.75,67.75
687e81b0bdc04073381b20b8,2025-07-18,554.47,55.45,55.45
687e4cd62bd6c92f671a9c9c,2025-07-18,2590.05,388.51,388.51
687e4dc80bf29ffacefa0f70,2025-07-18,596.04,89.41,89.41
687f3175f70adb50f43efcd9,2025-07-18,660.87,99.13,99.13
687f3da1afbab309392d520d,2025-07-18,987.42,148.11,148.11
687e95578fe1d53357caeb5e,2025-07-18,224.9,33.74,33.74
687e4bff9216c5e7b6cf9f72,2025-07-18,685.35,102.80,102.80
687e4a543aa6854ff7cc3a48,2025-07-18,977.27,97.73,97.73
687f3d42f70adb50f4414ef5,2025-07-18,1907.36,286.10,286.10
687f3cdcaa5eeb9f80356562,2025-07-18,792.14,118.82,118.82
687f3cb43d496840bc593eaa,2025-07-18,526.58,78.99,78.99
687f4684f70adb50f44374e7,2025-07-21,418.43,62.76,62.76
687f47ecafbab309392f9c2c,2025-07-21,168.81,25.32,25.32
687f46fdaa5eeb9f8037cd3f,2025-07-21,149.58,22.44,22.44
687f4876f7f5d89d559dd0d9,2025-07-21,898.37,89.84,89.84
687ecb47f7f5d89d55866737,2025-07-21,673.74,101.06,101.06
687f40273386d279e54b3cf5,2025-07-21,1694.82,254.22,254.22
687f40dee5f1eb2a461d83f6,2025-07-21,5632.14,844.82,844.82
687f3fc2aa5eeb9f80361990,2025-07-21,2013.59,302.04,302.04
687e75fd8519ba74f26951f4,2025-07-21,1416.64,212.50,212.50
687f972789c71aa9c64daf4e,2025-07-22,207.45,31.12,31.12
687f8e5ecf3bde9819fd9302,2025-07-22,1326.42,198.96,198.96
6880f27d594645c439b8edf6,2025-07-23,291.89,29.19,29.19
688292bb4a6f7ae8e1a8d4ec,2025-07-23,1033.15,154.97,154.97
6882516a0fbc6f386c5bc506,2025-07-23,4140.87,414.09,414.09
68811f2670d886466fb3f7de,2025-07-23,298.27,44.74,44.74
68811ed4c5a2665b5b487f35,2025-07-23,488.36,73.25,73.25
68812f46a618986e38fb8e8a,2025-07-23,1595.74,239.36,239.36
68827a5abedbe8b90535ad17,2025-07-23,959.84,143.98,143.98
68812f8670d886466fb6788e,2025-07-23,2001.61,300.24,300.24
6880f68c79a7b6173b04c3bf,2025-07-23,891.02,89.10,89.10
688236f7854218a9154fa9a9,2025-07-23,8067.52,806.75,806.75
688120bbb241c0565e1c93e2,2025-07-23,731.29,109.69,109.69
68827849bedbe8b905352312,2025-07-24,3821.47,382.15,382.15
688278cc7e2ac5a6a63c4f95,2025-07-24,422.92,63.44,63.44
68828ace51802e5c4bdf6a23,2025-07-24,1552.14,232.82,232.82
68828a5a3683a71e81939767,2025-07-24,5803.59,870.54,870.54
688381536b785d87ab1298f8,2025-07-25,195.69,29.35,29.35
68837d5f25ba115f90ce243c,2025-07-25,157.64,23.65,23.65
68837ff686a1b9c876284ede,2025-07-25,1042.79,156.42,156.42
6883da6983c18e21cddf64c0,2025-07-25,892.87,133.93,133.93
68839b1f2fb5e62e3f947632,2025-07-25,4243.41,636.51,636.51
6883d91b1cf466276fccbe96,2025-07-25,773.7,116.06,116.06
6883c0086b785d87ab1c71ea,2025-07-25,1955.99,293.40,293.40
68837c9d86a1b9c876280cdd,2025-07-25,809.34,80.93,80.93
6883c00e41ce6d445d628e5f,2025-07-25,192.01,19.20,19.20
688380eb86a1b9c876285ca1,2025-07-25,619.4,92.91,92.91
68837d6973bbfcb59c94196f,2025-07-25,1123.61,168.54,168.54
68825add87ccdc2e61c7805f,,2108.17,316.23,316.23
6874bc9a2b7bdb1df45adf13,2025-07-01,4520.87,226.05,226.05
6863bb44329f20edfbf9fdc9,2025-07-01,2782.13,139.10,139.10
686ba580de282d6a91e9c916,2025-07-02,5642.95,282.14,282.14
686d1249d7b925ed5b48628c,2025-07-04,5658.44,565.85,565.85
6870cbe346c5ddf2f3604114,2025-07-09,189.24,18.93,18.93
6877b09735100baae91b6be2,2025-07-10,3442.35,344.23,344.23
6870c7fae7b272db01983767,2025-07-10,1157.26,173.59,173.59
687f32e2afbab309392b3e4e,2025-07-14,460.58,69.09,69.09
687f322ef70adb50f43f1ffd,2025-07-16,545.61,81.84,81.84
687f2ff9c7c7e547142be1de,2025-07-18,1001.02,150.15,150.15
687f2f90e5f1eb2a4619d43e,2025-07-18,2341.99,351.30,351.30
687f3175f70adb50f43efcd9,2025-07-18,660.87,99.13,99.13
687f3da1afbab309392d520d,2025-07-18,987.42,148.11,148.11
6887549b3df0e8cdd39a963e,2025-07-18,1640.43,246.07,246.07
687f3d42f70adb50f4414ef5,2025-07-18,1907.36,286.10,286.10
687e95578fe1d53357caeb5e,2025-07-18,224.9,33.74,33.74
687f3cdcaa5eeb9f80356562,2025-07-18,792.14,118.82,118.82
687f3cb43d496840bc593eaa,2025-07-18,526.58,78.99,78.99
68875a3d39fc8b6243253f60,2025-07-20,524.3,78.64,78.64
687f4684f70adb50f44374e7,2025-07-21,418.43,62.76,62.76
687f47ecafbab309392f9c2c,2025-07-21,168.81,25.32,25.32
687f46fdaa5eeb9f8037cd3f,2025-07-21,149.58,22.44,22.44
687f4876f7f5d89d559dd0d9,2025-07-21,898.37,89.83,89.83
687ecb47f7f5d89d55866737,2025-07-21,673.74,101.06,101.06
687f40dee5f1eb2a461d83f6,2025-07-21,5632.14,844.82,844.82
68875067bd195d109602b263,2025-07-22,1240.27,186.04,186.04
688750171691964cd7e05046,2025-07-22,566.05,84.91,84.91
688750b039fc8b624324f03b,2025-07-22,702.83,105.42,105.42
6887510e562c8361482102a3,2025-07-22,578.48,86.77,86.77
688763cd94c4e98f72b19d17,2025-07-22,862.35,129.35,129.35
68876bfa562c83614822f068,2025-07-22,2491.75,373.76,373.76
688753bd562c83614821227f,2025-07-22,260.18,39.03,39.03
6887630c94c4e98f72b197e9,2025-07-22,290.97,43.65,43.65
688763883df0e8cdd39b0153,2025-07-22,431.12,64.67,64.67
6887527c562c836148211432,2025-07-22,171.35,25.70,25.70
688751c49185086f3fc64f8b,2025-07-22,813.63,122.04,122.04
68876b9b94c4e98f72b2b8bb,2025-07-23,1050.02,157.50,157.50
68876d69f202d7079e249327,2025-07-23,213.38,32.01,32.01
68876cb12a81c727d38a4609,2025-07-23,197.21,29.58,29.58
68876af5f202d7079e243a6c,2025-07-23,1167.57,175.14,175.14
68876c57068db5ecc88eb96b,2025-07-23,807.47,121.12,121.12
68876281068db5ecc88d5346,2025-07-23,203.72,30.56,30.56
6887616e94c4e98f72b18b68,2025-07-23,2207.91,331.19,331.19
68876d272a81c727d38a57f1,2025-07-23,1260.26,189.04,189.04
6887719d3df0e8cdd39e9469,2025-07-24,388.22,58.23,58.23
688770a594c4e98f72b4b30e,2025-07-24,467.88,70.18,70.18
68877122562c836148254b50,2025-07-24,436.29,43.63,43.63
68875a5294c4e98f72b14f3e,2025-07-24,2167.64,325.15,325.15
68877b69d6f3f27977c957c6,2025-07-25,9694.92,1454.24,1454.24
68839550393850ab3e76f85d,2025-07-25,1201.0,180.15,180.15
688779db068db5ecc89680b4,2025-07-25,1219.96,182.99,182.99
68877c762a81c727d3933d35,2025-07-25,3474.12,347.41,347.41
68877cf3d6f3f27977ca43b2,2025-07-25,438.83,65.82,65.82
6887798af202d7079e2bb518,2025-07-25,1256.18,188.43,188.43
6883f8ee67a40665f6245f3f,2025-07-26,1058.68,158.80,158.80
688773d58c9de1525f5164c0,2025-07-27,1381.95,207.29,207.29
6887744966342dc419c03a89,2025-07-27,1159.11,173.87,173.87
6880eab39d6c1af20a680ec6,2025-07-28,12425.22,928.00,928.00
688c788a7dc938cbd125171b,2025-07-28,411.3,61.70,61.70
688777333df0e8cdd3a1dce3,2025-07-28,1399.31,209.90,209.90
68878e7a0b75e42217e1de8d,2025-07-28,409.87,61.48,61.48
688b1ba8136d7635079bdeb8,2025-07-28,502.68,75.40,75.40
6886a9e57d14faaed9435a3b,2025-07-29,72179.24,3956.60,3956.60
68839a142dffc5692112560d,2025-07-29,22101.45,2000.00,2000.00
6888dcc4697f5328e3cb6210,2025-07-29,1455.39,218.31,218.31
688c80de7fe86ba988021a97,2025-07-29,2271.54,340.73,340.73
688c6efb03edb6cf86a663bf,2025-07-29,295.24,44.29,44.29
6888bf0a4dc4018c33ef5cb2,2025-07-29,200.76,30.11,30.11
6888cb751c3834f3f8b5c00b,2025-07-29,475.96,71.39,71.39
688914223b1bc0885a28fcf9,2025-07-29,543.24,81.49,81.49
68894a7a66d568e3f8a0b732,2025-07-29,821.03,82.10,82.10
6888d4401c1e8da3bd143965,2025-07-29,418.7,62.81,62.81
6889497f3aee0d7547d1cca1,2025-07-29,1074.49,161.17,161.17
68891318d546a67ff38b15d5,2025-07-29,991.86,99.19,99.19
688b1e58ff0596f315d1129e,2025-07-29,1134.79,170.22,170.22
688c8690ba12e1d9077ed9af,2025-07-29,3476.54,347.65,347.65
688b208e697107502de904a4,2025-07-30,1314.05,197.11,197.11
688c89765187a3974e1170f2,2025-07-30,1558.3,233.75,233.75
688c93c845464acbac386631,2025-07-30,535.89,80.38,80.38
688c8e4d03edb6cf86aaeb0a,2025-07-30,9615.1,1442.27,1442.27
688b5e6b4be13cd03b8dd49c,2025-07-30,676.27,101.44,101.44
688a6681136d763507797bac,2025-07-30,2248.11,224.81,224.81
688a65d8136d763507795955,2025-07-30,9060.18,1359.03,1359.03
688a66fd418e10bda3a4db75,2025-07-30,460.65,69.10,69.10
688a7f119eed3ab1ff60000d,2025-07-30,331.22,49.68,49.68
688a0d9e351715ebf6679c8f,2025-07-30,1569.58,235.44,235.44
688a0cdeff0596f31587b08f,2025-07-30,2100.73,315.11,315.11
688a0d207f95ce8868f777d4,2025-07-30,3608.25,541.24,541.24
688c8a665187a3974e118b8e,2025-07-30,669.63,100.44,100.44
688ca5665187a3974e13c624,2025-07-30,962.2,144.33,144.33
688c8dce45464acbac378b64,2025-07-30,224.38,22.44,22.44
688c956f7fe86ba98804d315,2025-07-30,3534.81,530.22,530.22
688b5b84be2cb49eda3e7dc4,2025-07-31,12953.24,101.60,101.60
688b5ad5c61f84d906d4899d,2025-07-31,21961.44,1288.00,1288.00
688cbc6952e661aeba72ac52,2025-07-31,108156.84,0.00,0.00
688ca16d7fe86ba988059784,2025-07-31,1203.29,180.49,180.49
688b61c1f6de5b4efb5de145,2025-07-31,541.81,81.27,81.27
688c00515187a3974ef881bf,2025-07-31,773.76,116.06,116.06
688b6e50e3e02ab2075bc44f,2025-07-31,5885.7,882.85,882.85
688ba975089ec8d08a467b08,2025-07-31,1047.16,157.07,157.07
688ba9274abcbe867cd8d4ca,2025-07-31,347.08,52.06,52.06
688b6201d9e4510e2883e89e,2025-07-31,360.47,54.07,54.07
688bcd005187a3974ef3b3c1,2025-07-31,935.83,140.37,140.37
688b816ff623e5f04d3b349a,2025-07-31,188.03,18.80,18.80
688bcd3645464acbac155b39,2025-07-31,1517.77,227.67,227.67
688bcd13089ec8d08a517c59,2025-07-31,327.36,49.10,49.10
688bb59b089ec8d08a4a9da9,2025-07-31,1301.56,195.23,195.23
688ba94b259416c4d2d30949,2025-07-31,577.28,86.59,86.59
688b90fadcaaebb07cf27a2d,2025-07-31,1894.07,284.11,284.11
688d06d73e04b5ebee5ee765,2025-08-01,1812.07,271.81,271.81
688cea6d3e04b5ebee591094,2025-08-01,1251.02,187.65,187.65
688cea305187a3974e1bcb28,2025-08-01,1695.13,254.27,254.27
688cea7103edb6cf86b4b52b,2025-08-01,364.91,54.74,54.74
688cb5023e04b5ebee520ca8,2025-08-01,3277.23,327.72,327.72
688ccbcb6bd30d401cf1f68d,2025-08-01,1495.18,224.28,224.28
688b7fc61ca7f630b5a1a2a4,,1937.31,290.60,290.60